﻿Name,Expiration Date,상태,속성,작성일시
건강검진,,완료 🙌,,2022년 4월 26일 오후 1:25
"보안, 암호공부",,완료 🙌,,2022년 4월 25일 오후 3:20
카카오페이 bld개발,,완료 🙌,,2022년 4월 25일 오후 3:20
upop 모바일 결제 확인하기,,완료 🙌,,2022년 4월 28일 오후 1:20
취소 원복 기능 개발 (연동문제로 보류),,언젠가 할 일,,2022년 4월 25일 오후 3:20
가맹점무이자 할부결제 기능 실거래 테스트(연동이 안되어 보류),,언젠가 할 일,,2022년 4월 25일 오후 3:20
가죽보호제,,완료 🙌,,2022년 4월 25일 오후 3:20
카카오페이 추가 문의,,진행 중,,2022년 4월 28일 오후 2:24
건의,,진행 중,,2022년 4월 25일 오후 3:20
26일 오후 12시까지 중간고사 끝내기,,완료 🙌,,2022년 4월 25일 오후 3:20
5.1 데카르트 성찰 서평,,완료 🙌,,2022년 4월 25일 오후 3:20
화요일 점심식사 메뉴,,완료 🙌,,2022년 4월 25일 오후 3:20
토비의 스프링,,자기개발,,2022년 4월 25일 오후 3:20
head-first 객체지향 방법론,,자기개발,,2022년 4월 25일 오후 3:20
코틀린 공부하기,,자기개발,,2022년 4월 25일 오후 3:20
stream 공부하기,,자기개발,,2022년 4월 25일 오후 3:20
인프런(스프링),,자기개발,,2022년 4월 25일 오후 3:20
directCall setTimeout 걷어내기,,해야할 일,,2022년 4월 25일 오후 3:20
"3.3~ 학은제 컴공/ 2.28, 3.7 kmooc",,자기개발,,2022년 4월 25일 오후 3:20
영문결제창 호출,,해야할 일,,2022년 4월 25일 오후 3:20
렌즈 올리기,,완료 🙌,,2022년 4월 25일 오후 3:20
세틀뱅크 연동,,그 외,,2022년 4월 25일 오후 3:20
네트워크 공부 (후니의 시스코네트워킹),,자기개발,,2022년 4월 25일 오후 3:20
,,,,2022년 4월 25일 오후 3:20