﻿Name,Expiration Date,상태,속성,작성일시
취소 원복 기능 개발 (연동문제로 보류),,언젠가 할 일,,2022년 5월 3일 오전 10:55
가맹점무이자 할부결제 기능 실거래 테스트(연동이 안되어 보류),,언젠가 할 일,,2022년 5월 3일 오전 10:55
5.12 연차올리기,,당장 할 일,,2022년 5월 6일 오후 5:45
건의,,진행 중,,2022년 5월 3일 오전 10:55
화폐USD로 올라오면 최소금액 체크 안하는 로직 작성,,완료 🙌,,2022년 5월 6일 오후 1:27
나이스페이 해외결제 중복호출 오류 수정,,완료 🙌,,2022년 5월 3일 오후 4:58
나이스페이 카드사 매칭 수정 중,,완료 🙌,,2022년 5월 3일 오후 1:13
"코밴 XMPI 연동, fileTemp 사용하는거 서버성능에 영향안가는지 확인",,완료 🙌,,2022년 5월 6일 오후 4:27
"개발계 asdfadfmmm 코드 변경으로 농협, 현대 등 조회 안됨",,진행 중,,2022년 5월 4일 오전 10:13
카카오페이 추가 문의,,진행 중,,2022년 5월 3일 오전 10:55
사이드 프로젝트,,자기개발,,2022년 5월 4일 오후 4:23
토비의 스프링,,자기개발,,2022년 5월 3일 오전 10:55
코틀린 공부하기,,진행 중,,2022년 5월 3일 오전 10:55
head-first 객체지향 방법론,,진행 중,,2022년 5월 3일 오전 10:55
stream 공부하기,,진행 중,,2022년 5월 3일 오전 10:55
인프런(스프링),,자기개발,,2022년 5월 3일 오전 10:55
directCall setTimeout 걷어내기,,해야할 일,,2022년 5월 3일 오전 10:55
"3.3~ 학은제 컴공/ 2.28, 3.7 kmooc",,자기개발,,2022년 5월 3일 오전 10:55
영문결제창 호출,,해야할 일,,2022년 5월 3일 오전 10:55
세틀뱅크 연동,,그 외,,2022년 5월 3일 오전 10:55
네트워크 공부 (후니의 시스코네트워킹),,자기개발,,2022년 5월 3일 오전 10:55
오픈소스 프로젝트,,자기개발,,2022년 5월 4일 오후 4:23
,,,,2022년 5월 3일 오전 10:55
장원 과제,,당장 할 일,,2022년 5월 6일 오전 9:09
자유론 2장 5.15까지,,당장 할 일,,2022년 5월 5일 오전 1:27
Upop 코밴연동 설계 및 분석,,당장 할 일,,2022년 5월 4일 오후 3:30
Stream 포스팅 다듬기,,당장 할 일,,2022년 5월 4일 오후 3:30