﻿Name,Expiration Date,상태,속성,작성일시
사이드프로젝트 준비,,언젠가 할 일,,2022년 10월 24일 오전 9:23
취소 원복 기능 개발 (연동문제로 보류),,언젠가 할 일,,2022년 10월 24일 오전 9:23
가맹점무이자 할부결제 기능 실거래 테스트(연동이 안되어 보류),,언젠가 할 일,,2022년 10월 24일 오전 9:23
폰배터리 교체,,완료 🙌,,2022년 10월 24일 오전 9:23
"productName추가, 국민카드 분기는 동시 배포 예정(권고사항이라 급하지 않음)",,완료 🙌,,2022년 10월 24일 오전 9:23
주간보고작성,,완료 🙌,,2022년 10월 26일 오후 6:14
"국민카드 ISP, MPI 분기",,완료 🙌,,2022년 10월 24일 오전 9:23
ims카드번호 로깅수정,,완료 🙌,,2022년 10월 27일 오전 10:50
27 logback 업로드하기,,완료 🙌,,2022년 10월 26일 오후 5:29
offpg tid방어로직,,완료 🙌,,2022년 10월 26일 오후 1:10
upopcase2 → 수정(ims),,완료 🙌,,2022년 10월 25일 오전 10:15
ios 스키마 추가,,완료 🙌,,2022년 10월 25일 오후 3:20
체크리스트 작성,,완료 🙌,,2022년 10월 25일 오전 11:05
bld mainpgmid추가,,완료 🙌,,2022년 10월 25일 오전 10:48
강의보기!,,자기개발,,2022년 10월 24일 오전 9:23
stream사용,,자기개발,,2022년 10월 24일 오전 9:23
"인증서, 암호화 처리 공부해보기",,자기개발,,2022년 10월 24일 오전 9:23
릴레이서버 공부,,자기개발,,2022년 10월 26일 오전 11:22
"서버, 스프링 설정파일 공부",,자기개발,,2022년 10월 26일 오전 11:20
10.04 배치 코드리뷰,,해야할 일,,2022년 10월 24일 오전 9:23
빌게이트 핸드폰 정산대사 수정필요,,해야할 일,,2022년 10월 24일 오전 9:23
충전기사기,,해야할 일,,2022년 10월 24일 오전 9:23
가방빨ㄹ래,,해야할 일,,2022년 10월 24일 오전 9:23
마스킹 함수 에러 체크,,완료 🙌,,2022년 10월 24일 오전 9:23
특정 키인mid 결제 시도시 하나카드 중복발생,,완료 🙌,,2022년 10월 24일 오후 3:42
우리은행모바일결제카드번호오류,,완료 🙌,,2022년 10월 24일 오후 3:52
필수값인자정리 (billing info 인증결과 확인,,완료 🙌,,2022년 10월 24일 오전 9:23
jquery 업데이트 3.3.1→3.6.1,,완료 🙌,,2022년 10월 24일 오전 11:26
notiUrl,,진행 중,,2022년 10월 24일 오전 9:23
애플페이,,진행 중,,2022년 10월 24일 오전 9:23
뱅크페이로그확인,,당장 할 일,,2022년 10월 26일 오후 2:46
"frt,bld dto 리팩터링",,당장 할 일,,2022년 10월 24일 오전 9:23
ims 비밀번호,,진행 중,,2022년 10월 24일 오전 9:23
주문번호중복 문구 변경,,해야할 일,,2022년 10월 24일 오전 9:23
head-first 객체지향 방법론,,자기개발,,2022년 10월 24일 오전 9:23
토비의 스프링,,자기개발,,2022년 10월 24일 오전 9:23
인프런(스프링),,자기개발,,2022년 10월 24일 오전 9:23
네트워크 공부 (후니의 시스코네트워킹),,자기개발,,2022년 10월 24일 오전 9:23
오픈소스 프로젝트,,자기개발,,2022년 10월 24일 오전 9:23
,,,,2022년 10월 24일 오전 9:23
다 쓴 노트,,,,2022년 10월 24일 오전 9:23