﻿Name,Expiration Date,상태,속성,작성일시
"보안, 암호공부",,자기개발,,2022년 1월 3일 오전 9:28
취소 원복 기능 개발 (연동문제로 보류),,언젠가 할 일,,2022년 1월 3일 오전 9:28
가맹점무이자 할부결제 기능 실거래 테스트(연동이 안되어 보류),,언젠가 할 일,,2022년 1월 3일 오전 9:28
주간업무보고 작성하기,,완료 🙌,,2022년 1월 3일 오전 9:28
약관스킵창,,완료 🙌,,2022년 1월 7일 오후 2:40
1차PG 로그 찍히는거 예외처리해보기,,완료 🙌,,2022년 1월 6일 오후 2:31
휴대폰 결제내역 조회 CPID 추가 요청 건 #229,,완료 🙌,,2022년 1월 6일 오후 3:47
한겸영수증 발행내역 조회화면 수정요청 (MMS)#225,,완료 🙌,,2022년 1월 5일 오후 6:07
1004원→1000원 (취소페이지도),,완료 🙌,,2022년 1월 5일 오전 9:18
NullPointException #201 원인분석,,완료 🙌,,2022년 1월 3일 오전 10:24
"#201, #219 NullPointerException 발생 확인 요청
#220 ServiceException 확인 요청",,완료 🙌,,2022년 1월 4일 오후 4:07
#215 현금영수증 발행내역 조회 화면 수정 요청,,완료 🙌,,2022년 1월 4일 오후 4:07
#211 결제창 이용약관 변경 요청,,완료 🙌,,2022년 1월 4일 오후 4:07
1차PG 입금보고서 필드명 변경 및 매입건수 수정 요청 건 매입건수 오차 해결하기 12/02 나이스페이 비인증 카 유 4건 → 2건,,완료 🙌,,2022년 1월 3일 오전 9:28
수기결제api,,진행 중,,2022년 1월 6일 오후 5:28
RM승인한도 종료일자 변경 (보류),,진행 중,,2022년 1월 5일 오후 6:07
"빌링결제 샘플 가이드 검토, 숙지, 수정사항 확인",,진행 중,,2022년 1월 3일 오전 9:28
"1/10 (월) 매입, 3당사자, 4당사자에 대해 조사 및 발표 준비",,해야할 일,,2022년 1월 3일 오후 3:42
렌즈 올리기,,해야할 일,,2022년 1월 3일 오전 9:28
하고 싶은 일,,진행 중,,2022년 1월 3일 오전 9:28
세틀뱅크 연동,,그 외,,2022년 1월 3일 오전 9:28
인프런(스프링),,진행 중,,2022년 1월 3일 오전 9:28
네트워크 공부 (후니의 시스코네트워킹),,자기개발,,2022년 1월 3일 오전 9:28
토비의 스프링,,자기개발,,2022년 1월 3일 오전 9:28
코틀린,,자기개발,,2022년 1월 3일 오전 9:28
,,,,2022년 1월 3일 오전 9:28
독학사 시험일 2/27,,당장 할 일,,2022년 1월 4일 오후 4:08
독학사 원서접수 일정 1/14 ~ 1/21,,당장 할 일,,2022년 1월 4일 오후 4:08