﻿Name,Expiration Date,상태,속성,작성일시
취소 원복 기능 개발 (연동문제로 보류),,언젠가 할 일,,2022년 8월 8일 오전 9:13
가맹점무이자 할부결제 기능 실거래 테스트(연동이 안되어 보류),,언젠가 할 일,,2022년 8월 8일 오전 9:13
가방빨ㄹ래,,당장 할 일,,2022년 8월 10일 오전 9:34
취소 스테이징 업로드,,완료 🙌,,2022년 8월 10일 오후 1:05
배포할 목록,,완료 🙌,,2022년 8월 8일 오전 9:13
빌게이트 키인 부분취소,,완료 🙌,,2022년 8월 8일 오전 9:13
빌게이트 정산대사,,해야할 일,,2022년 8월 8일 오전 9:13
쇼핑,,진행 중,,2022년 8월 8일 오전 9:13
빌게이트 핸드폰 정산 대사 개발,,진행 중,,2022년 8월 10일 오후 1:05
사이드프로젝트 준비,,진행 중,,2022년 8월 8일 오후 5:25
구인,,진행 중,,2022년 8월 8일 오전 9:13
다날 결제해보기,,완료 🙌,,2022년 8월 8일 오후 2:36
빌게이트 핸드폰 패치하기,,완료 🙌,,2022년 8월 8일 오후 2:34
폰바꾸기,,해야할 일,,2022년 8월 8일 오전 9:13
연수 (8.14일),,진행 중,,2022년 8월 8일 오전 9:13
자동차보험,,진행 중,,2022년 8월 8일 오전 9:13
학은제 강좌신청,,진행 중,,2022년 8월 8일 오전 9:13
head-first 객체지향 방법론,,자기개발,,2022년 8월 8일 오전 9:13
기타 커ㅓ버,,당장 할 일,,2022년 8월 8일 오전 9:19
주문번호중복 문구 변경,,당장 할 일,,2022년 8월 8일 오전 9:13
토비의 스프링,,자기개발,,2022년 8월 8일 오전 9:13
인프런(스프링),,자기개발,,2022년 8월 8일 오전 9:13
봄여름가을겨울,,해야할 일,,2022년 8월 8일 오전 9:13
블루밍,,해야할 일,,2022년 8월 8일 오전 9:13
"3.3~ 학은제 컴공/ 2.28, 3.7 kmooc",,자기개발,,2022년 8월 8일 오전 9:13
네트워크 공부 (후니의 시스코네트워킹),,자기개발,,2022년 8월 8일 오전 9:13
오픈소스 프로젝트,,자기개발,,2022년 8월 8일 오전 9:13
,,,,2022년 8월 8일 오전 9:13
다 쓴 노트,,,,2022년 8월 8일 오전 9:13