﻿Name,Expiration Date,상태,속성,작성일시
"보안, 암호공부",,자기개발,,2022년 2월 3일 오전 9:01
취소 원복 기능 개발 (연동문제로 보류),,언젠가 할 일,,2022년 2월 3일 오전 9:01
가맹점무이자 할부결제 기능 실거래 테스트(연동이 안되어 보류),,언젠가 할 일,,2022년 2월 3일 오전 9:01
주간업무보고 작성,,완료 🙌,,2022년 2월 3일 오전 9:01
front 성명조회 API 복구,,완료 🙌,,2022년 2월 3일 오전 9:01
건의,,해야할 일,,2022년 2월 3일 오후 2:11
1타3피 체육쿠폰 사용2/11~3/11,,해야할 일,,2022년 2월 3일 오전 9:01
독학사 준비(인강신청),,해야할 일,,2022년 2월 3일 오전 9:01
독학사 응시자격 증명서류 첨부 ~2.17/ 준비물 확인하기,,해야할 일,,2022년 2월 3일 오전 9:01
독학사 시험일 2/27,,해야할 일,,2022년 2월 3일 오전 9:01
백신3차,,해야할 일,,2022년 2월 3일 오전 9:01
렌즈 올리기,,언젠가 할 일,,2022년 2월 3일 오전 9:01
가상계좌 주문조회 검토,,완료 🙌,,2022년 2월 3일 오후 6:00
주문번호 취소 공통로직으로 넣기,,완료 🙌,,2022년 2월 3일 오전 9:54
직접호출 사용 시 신협(41)등 마이너 코드 결제취소 오류 수정,,완료 🙌,,2022년 2월 3일 오전 9:01
간편결제사 직접호출 결제 시 결제사 누락 버그 수정,,완료 🙌,,2022년 2월 3일 오전 9:01
#267 계좌이체 결제내역 조회 거래확인서 수정 요청 건,,완료 🙌,,2022년 2월 3일 오전 9:01
#302 지불수단 결제내역조회 화면 거래유형 제외 요청,,완료 🙌,,2022년 2월 3일 오전 9:01
"간편결제 직접호출, 표준창 노출 제어",,완료 🙌,,2022년 2월 3일 오전 9:01
성명조회 API  IMS → BLD 이동,,당장 할 일,,2022년 2월 4일 오후 5:02
결제 최저금액 수정,,당장 할 일,,2022년 2월 3일 오전 9:26
빌링결제 API,,진행 중,,2022년 2월 4일 오후 4:37
하고 싶은 일,,진행 중,,2022년 2월 3일 오전 9:01
세틀뱅크 연동,,그 외,,2022년 2월 3일 오전 9:01
인프런(스프링),,진행 중,,2022년 2월 3일 오전 9:01
네트워크 공부 (후니의 시스코네트워킹),,자기개발,,2022년 2월 3일 오전 9:01
토비의 스프링,,자기개발,,2022년 2월 3일 오전 9:01
코틀린,,자기개발,,2022년 2월 3일 오전 9:01
,,,,2022년 2월 3일 오전 9:01
MMS > 비밀번호 찾기 관련 문의드립니다. #293`,,완료 🙌,,2022년 2월 3일 오전 9:01