﻿Name,Expiration Date,상태,속성,작성일시
사이드프로젝트 준비,,언젠가 할 일,,2022년 12월 13일 오전 9:22
취소 원복 기능 개발 (연동문제로 보류),,언젠가 할 일,,2022년 12월 13일 오전 9:22
가맹점무이자 할부결제 기능 실거래 테스트(연동이 안되어 보류),,언젠가 할 일,,2022년 12월 13일 오전 9:22
강의보기!,,자기개발,,2022년 12월 13일 오전 9:22
stream사용,,자기개발,,2022년 12월 13일 오전 9:22
keyin 타입추가,,완료 🙌,,2022년 12월 13일 오후 3:24
영중소구분일반결제,,완료 🙌,,2022년 12월 13일 오후 3:24
16금반차올리기,,완료 🙌,,2022년 12월 14일 오전 9:00
"서버, 스프링 설정파일 공부",,완료 🙌,,2022년 12월 13일 오전 9:22
"인증서, 암호화 처리 공부해보기",,완료 🙌,,2022년 12월 13일 오전 9:22
릴레이서버 공부,,자기개발,,2022년 12월 13일 오전 9:22
jenkins setting 공부..,,해야할 일,,2022년 12월 13일 오전 9:22
kstnet 개발 통일 확인 (offpg),,해야할 일,,2022년 12월 13일 오전 9:22
모바일상품권 운영배포 필요,,완료 🙌,,2022년 12월 13일 오전 9:22
jquery-ui 업데이트,,완료 🙌,,2022년 12월 13일 오전 9:23
약관 api 체크,,완료 🙌,,2022년 12월 13일 오전 9:22
선물사기,,당장 할 일,,2022년 12월 14일 오전 9:00
주간보고,,당장 할 일,,2022년 12월 13일 오전 9:22
지원서 작성하기,,진행 중,,2022년 12월 13일 오전 9:22
빌링 ordEmail 2개 들어온 로그 확인,,진행 중,,2022년 12월 13일 오전 9:22
유효성체크,,진행 중,,2022년 12월 13일 오전 9:22
ims 비밀번호,,진행 중,,2022년 12월 13일 오전 9:22
휴가일정짜기,,진행 중,,2022년 12월 13일 오전 9:22
계쫘이체 응답값 체크,,당장 할 일,,2022년 12월 13일 오전 9:22
프론트 카드번호 마스킹 처리,,당장 할 일,,2022년 12월 13일 오전 9:22
front icoom interface,,해야할 일,,2022년 12월 13일 오전 9:22
10.04 배치 코드리뷰,,해야할 일,,2022년 12월 13일 오전 9:22
빌게이트 핸드폰 정산대사 수정필요,,해야할 일,,2022년 12월 13일 오전 9:22
가방빨ㄹ래,,해야할 일,,2022년 12월 13일 오전 9:22
코밴수기결제세팅,,당장 할 일,,2022년 12월 13일 오전 9:22
"frt,bld dto 리팩터링",,당장 할 일,,2022년 12월 13일 오전 9:22
주문번호중복 문구 변경,,해야할 일,,2022년 12월 13일 오전 9:22
head-first 객체지향 방법론,,자기개발,,2022년 12월 13일 오전 9:22
토비의 스프링,,자기개발,,2022년 12월 13일 오전 9:22
인프런(스프링),,자기개발,,2022년 12월 13일 오전 9:22
네트워크 공부 (후니의 시스코네트워킹),,자기개발,,2022년 12월 13일 오전 9:22
애플페이,,자기개발,,2022년 12월 13일 오전 9:22
오픈소스 프로젝트,,자기개발,,2022년 12월 13일 오전 9:22
,,,,2022년 12월 13일 오전 9:22
,,,,2022년 12월 13일 오전 9:22
다 쓴 노트,,,,2022년 12월 13일 오전 9:22