﻿Name,Expiration Date,상태,속성,작성일시
"보안, 암호공부",,자기개발,,2022년 1월 17일 오후 1:15
취소 원복 기능 개발 (연동문제로 보류),,언젠가 할 일,,2022년 1월 17일 오후 1:15
가맹점무이자 할부결제 기능 실거래 테스트(연동이 안되어 보류),,언젠가 할 일,,2022년 1월 17일 오후 1:15
RM승인한도 종료일자 변경 (21수 마감),,완료 🙌,,2022년 1월 17일 오후 1:15
directCall 로직 줄이기,,완료 🙌,,2022년 1월 19일 오후 1:43
주간업무보고,,완료 🙌,,2022년 1월 21일 오후 1:24
연말정산,,완료 🙌,,2022년 1월 19일 오후 6:35
기능수정 #282 A007 (휴대폰 결제취소 코드 조회 보완하기),,완료 🙌,,2022년 1월 19일 오후 6:35
독학사 원서접수 일정 1/14 ~ 1/21,,완료 🙌,,2022년 1월 17일 오후 1:15
"기능수정 #282
결제취소 노출문구 수정요청드립니다.",,완료 🙌,,2022년 1월 19일 오후 6:35
휴대폰 부분취소 선택박스 수정 요청 건 #273,,완료 🙌,,2022년 1월 17일 오후 5:24
호스팅 페이지에 SSL 인증서 설치,,완료 🙌,,2022년 1월 17일 오후 1:15
수기결제 API 필드처리,,완료 🙌,,2022년 1월 17일 오후 1:15
#271 MMS 프로퍼티 변경,,완료 🙌,,2022년 1월 17일 오후 2:09
"PG, 회사 시스템 질문할 것",,완료 🙌,,2022년 1월 17일 오후 1:15
피부과,,해야할 일,,2022년 1월 21일 오후 1:37
1타3피 체육쿠폰 사용2/11~3/11,,해야할 일,,2022년 1월 21일 오전 10:53
독학사 준비(인강신청),,해야할 일,,2022년 1월 20일 오전 9:31
독학사 응시자격 증명서류 첨부 ~2.17/ 준비물 확인하기,,해야할 일,,2022년 1월 20일 오전 9:29
독학사 시험일 2/27,,해야할 일,,2022년 1월 17일 오후 1:15
백신3차,,해야할 일,,2022년 1월 18일 오후 1:34
#263 결제견별 이력조회 가상계좌 매입내역 제외 요청,,완료 🙌,,2022년 1월 17일 오후 1:16
렌즈 올리기,,언젠가 할 일,,2022년 1월 17일 오후 1:15
하고 싶은 일,,진행 중,,2022년 1월 17일 오후 1:15
세틀뱅크 연동,,그 외,,2022년 1월 17일 오후 1:15
인프런(스프링),,진행 중,,2022년 1월 17일 오후 1:15
네트워크 공부 (후니의 시스코네트워킹),,자기개발,,2022년 1월 17일 오후 1:15
토비의 스프링,,자기개발,,2022년 1월 17일 오후 1:15
코틀린,,자기개발,,2022년 1월 17일 오후 1:15
,,,,2022년 1월 17일 오후 1:15
"간편결제 직접호출, 표준창 노출 제어",,당장 할 일,,2022년 1월 21일 오후 3:51