﻿Name,Expiration Date,상태,속성,작성일시
취소 원복 기능 개발 (연동문제로 보류),,언젠가 할 일,,2022년 5월 9일 오전 8:55
가맹점무이자 할부결제 기능 실거래 테스트(연동이 안되어 보류),,언젠가 할 일,,2022년 5월 9일 오전 8:55
카카오페이 추가 문의,,완료 🙌,,2022년 5월 9일 오전 8:55
"가상계좌 DULPICATE ERROR
05/10 16:01~16:02",,완료 🙌,,2022년 5월 10일 오후 4:46
건의,,당장 할 일,,2022년 5월 9일 오전 8:55
"개발계 asdfadfmmm 코드 변경으로 농협, 현대 등 조회 안됨",,진행 중,,2022년 5월 9일 오전 8:55
토비의 스프링,,자기개발,,2022년 5월 9일 오전 8:55
bld 간편결제 및 은련 code 수정요소,,완료 🙌,,2022년 5월 10일 오전 9:45
코틀린 공부하기,,진행 중,,2022년 5월 9일 오전 8:55
head-first 객체지향 방법론,,진행 중,,2022년 5월 9일 오전 8:55
자유론 2장 5.15까지,,완료 🙌,,2022년 5월 9일 오전 8:55
stream 공부하기,,완료 🙌,,2022년 5월 9일 오전 8:55
인프런(스프링),,자기개발,,2022년 5월 9일 오전 8:55
트랜잭셔널에 대해,,해야할 일,,2022년 5월 12일 오후 8:28
영문창 메시지 분리,,해야할 일,,2022년 5월 11일 오후 1:08
봄여름가을겨울,,해야할 일,,2022년 5월 10일 오전 8:28
블루밍,,해야할 일,,2022년 5월 10일 오전 8:28
directCall setTimeout 걷어내기,,해야할 일,,2022년 5월 9일 오전 8:55
"3.3~ 학은제 컴공/ 2.28, 3.7 kmooc",,자기개발,,2022년 5월 9일 오전 8:55
영문결제창 호출,,해야할 일,,2022년 5월 9일 오전 8:55
세틀뱅크 연동,,그 외,,2022년 5월 9일 오전 8:55
네트워크 공부 (후니의 시스코네트워킹),,자기개발,,2022년 5월 9일 오전 8:55
오픈소스 프로젝트,,자기개발,,2022년 5월 9일 오전 8:55
,,,,2022년 5월 9일 오전 8:55
장원 과제,,당장 할 일,,2022년 5월 9일 오전 8:55
Upop 코밴연동 설계 및 분석,,당장 할 일,,2022년 5월 9일 오전 8:55
Stream 포스팅 다듬기,,완료 🙌,,2022년 5월 9일 오전 8:55
최소금액체크 달러 예외처리,,완료 🙌,,2022년 5월 9일 오후 2:49
5.12 연차올리기,,완료 🙌,,2022년 5월 9일 오전 8:55