﻿Name,Expiration Date,상태,속성,작성일시
사이드프로젝트 준비,,언젠가 할 일,,2022년 9월 26일 오전 9:12
취소 원복 기능 개발 (연동문제로 보류),,언젠가 할 일,,2022년 9월 26일 오전 9:12
가맹점무이자 할부결제 기능 실거래 테스트(연동이 안되어 보류),,언젠가 할 일,,2022년 9월 26일 오전 9:12
폰배터리 교체,,해야할 일,,2022년 9월 26일 오전 9:12
가방빨ㄹ래,,해야할 일,,2022년 9월 26일 오전 9:12
upop 모바일 연동,,완료 🙌,,2022년 9월 30일 오후 4:32
문화상품권 일대사,,완료 🙌,,2022년 9월 26일 오전 9:12
"3.3~ 학은제 컴공/ 2.28, 3.7 kmooc",,완료 🙌,,2022년 9월 26일 오전 9:12
ims 모바일상품권 영업대행 정산 페이지 추가,,완료 🙌,,2022년 9월 27일 오후 4:01
빌게이트 카드수기결제 부분취소 추가,,완료 🙌,,2022년 9월 27일 오후 4:00
브라우저 캐시검증(방지),,완료 🙌,,2022년 9월 26일 오전 9:12
upop 달러 기입 처리,,진행 중,,2022년 9월 30일 오전 9:53
"frt,bld dto 리팩터링",,진행 중,,2022년 9월 29일 오전 10:35
"front,bld 로그 정리(아스펙트제이)",,진행 중,,2022년 9월 27일 오후 6:01
주간보고 작성,,진행 중,,2022년 9월 26일 오전 9:12
upop 인증창 호출 개발,,진행 중,,2022년 9월 26일 오전 9:12
옷정리,,당장 할 일,,2022년 9월 27일 오전 9:13
쇼핑,,당장 할 일,,2022년 9월 27일 오전 9:13
"productName추가, 국민카드 분기는 동시 배포 예정(권고사항이라 급하지 않음)",,당장 할 일,,2022년 9월 26일 오전 9:12
빌게이트 핸드폰 정산대사 수정필요,,당장 할 일,,2022년 9월 26일 오전 9:12
stream사용,,진행 중,,2022년 9월 26일 오전 9:12
강의보기!,,진행 중,,2022년 9월 26일 오전 9:12
"국민카드 ISP, MPI 분기",,당장 할 일,,2022년 9월 26일 오전 9:12
ims 비밀번호,,진행 중,,2022년 9월 26일 오전 9:12
자동차보험,,해야할 일,,2022년 9월 26일 오전 9:12
주문번호중복 문구 변경,,해야할 일,,2022년 9월 26일 오전 9:12
head-first 객체지향 방법론,,자기개발,,2022년 9월 26일 오전 9:12
토비의 스프링,,자기개발,,2022년 9월 26일 오전 9:12
인프런(스프링),,자기개발,,2022년 9월 26일 오전 9:12
네트워크 공부 (후니의 시스코네트워킹),,자기개발,,2022년 9월 26일 오전 9:12
오픈소스 프로젝트,,자기개발,,2022년 9월 26일 오전 9:12
,,,,2022년 9월 26일 오전 9:12
다 쓴 노트,,,,2022년 9월 26일 오전 9:12