﻿Name,Expiration Date,상태,속성,작성일시
사이드프로젝트 준비,,언젠가 할 일,,2022년 11월 1일 오전 9:18
취소 원복 기능 개발 (연동문제로 보류),,언젠가 할 일,,2022년 11월 1일 오전 9:18
가맹점무이자 할부결제 기능 실거래 테스트(연동이 안되어 보류),,언젠가 할 일,,2022년 11월 1일 오전 9:18
강의보기!,,자기개발,,2022년 11월 1일 오전 9:18
stream사용,,자기개발,,2022년 11월 1일 오전 9:18
"인증서, 암호화 처리 공부해보기",,자기개발,,2022년 11월 1일 오전 9:18
릴레이서버 공부,,자기개발,,2022년 11월 1일 오전 9:18
"서버, 스프링 설정파일 공부",,자기개발,,2022년 11월 1일 오전 9:18
계좌이체 현금영수증 응답오류,,완료 🙌,,2022년 11월 3일 오후 5:59
주간보고,,당장 할 일,,2022년 11월 3일 오전 9:31
암호화 및 인증서 정리 및 발표,,당장 할 일,,2022년 11월 1일 오후 2:36
"amex, ?제거",,해야할 일,,2022년 11월 3일 오후 2:49
10.04 배치 코드리뷰,,해야할 일,,2022년 11월 1일 오전 9:18
빌게이트 핸드폰 정산대사 수정필요,,해야할 일,,2022년 11월 1일 오전 9:18
충전기사기,,해야할 일,,2022년 11월 1일 오전 9:18
가방빨ㄹ래,,해야할 일,,2022년 11월 1일 오전 9:18
뱅크페이로그확인,,완료 🙌,,2022년 11월 1일 오전 9:18
모바일 상품권 수행시간 로깅하기,,완료 🙌,,2022년 11월 1일 오후 2:08
kb배포내역작성하기,,완료 🙌,,2022년 11월 1일 오후 3:10
모바일상품권 결제실패응답 수정,,완료 🙌,,2022년 11월 2일 오전 9:15
애플페이 결제데이터 복호화,,완료 🙌,,2022년 11월 1일 오후 4:37
모바일상품권 구매 에러 시 망취소 로직 추가,,완료 🙌,,2022년 11월 1일 오전 9:19
유효성체크,,진행 중,,2022년 11월 4일 오전 11:06
bld 전수테스트,,진행 중,,2022년 11월 1일 오후 4:10
notiUrl,,진행 중,,2022년 11월 1일 오전 9:18
애플페이,,진행 중,,2022년 11월 1일 오전 9:18
자금세탁방지교육,,당장 할 일,,2022년 11월 2일 오전 9:45
코밴수기결제세팅,,당장 할 일,,2022년 11월 1일 오후 3:10
"frt,bld dto 리팩터링",,당장 할 일,,2022년 11월 1일 오전 9:18
ims 비밀번호,,진행 중,,2022년 11월 1일 오전 9:18
주문번호중복 문구 변경,,해야할 일,,2022년 11월 1일 오전 9:18
head-first 객체지향 방법론,,자기개발,,2022년 11월 1일 오전 9:18
토비의 스프링,,자기개발,,2022년 11월 1일 오전 9:18
인프런(스프링),,자기개발,,2022년 11월 1일 오전 9:18
네트워크 공부 (후니의 시스코네트워킹),,자기개발,,2022년 11월 1일 오전 9:18
오픈소스 프로젝트,,자기개발,,2022년 11월 1일 오전 9:18
,,,,2022년 11월 1일 오전 9:18
다 쓴 노트,,,,2022년 11월 1일 오전 9:18