﻿Name,Expiration Date,상태,속성,작성일시
사이드프로젝트 준비,,언젠가 할 일,,2022년 12월 26일 오후 3:10
취소 원복 기능 개발 (연동문제로 보류),,언젠가 할 일,,2022년 12월 26일 오후 3:10
가맹점무이자 할부결제 기능 실거래 테스트(연동이 안되어 보류),,언젠가 할 일,,2022년 12월 26일 오후 3:10
강의보기!,,자기개발,,2022년 12월 26일 오후 3:10
stream사용,,자기개발,,2022년 12월 26일 오후 3:10
릴레이서버 공부,,자기개발,,2022년 12월 26일 오후 3:10
jenkins setting 공부..,,해야할 일,,2022년 12월 26일 오후 3:10
코밴수기결제세팅,,완료 🙌,,2022년 12월 26일 오후 3:10
선물사기,,완료 🙌,,2022년 12월 26일 오후 3:10
현금영수증 mms 발행 및 취소 시채널 1 수정,,당장 할 일,,2022년 12월 29일 오후 2:55
현금영수증 에러 체크,,당장 할 일,,2022년 12월 29일 오후 1:11
주간보고,,당장 할 일,,2022년 12월 26일 오후 3:10
휴가일정짜기,,완료 🙌,,2022년 12월 26일 오후 3:10
smspay 문구 수정,,완료 🙌,,2022년 12월 26일 오후 3:11
빌링 ordEmail 2개 들어온 로그 확인,,완료 🙌,,2022년 12월 26일 오후 3:10
가맹점번호 설정 변경 시 영중소 등급 적용 안되는 버그 수정,,완료 🙌,,2022년 12월 26일 오후 5:54
카유생 모바일 표기 수정,,완료 🙌,,2022년 12월 26일 오후 3:11
영중소 일반 변경 체크,,완료 🙌,,2022년 12월 26일 오후 3:11
kstnet 개발 통일 확인 (offpg),,완료 🙌,,2022년 12월 26일 오후 3:10
품의서 업로드,,진행 중,,2022년 12월 28일 오후 2:04
유효성체크,,진행 중,,2022년 12월 26일 오후 3:10
ims 비밀번호,,진행 중,,2022년 12월 26일 오후 3:10
계쫘이체 응답값 체크,,당장 할 일,,2022년 12월 26일 오후 3:10
프론트 카드번호 마스킹 처리,,당장 할 일,,2022년 12월 26일 오후 3:10
front icoom interface,,해야할 일,,2022년 12월 26일 오후 3:10
10.04 배치 코드리뷰,,해야할 일,,2022년 12월 26일 오후 3:10
빌게이트 핸드폰 정산대사 수정필요,,해야할 일,,2022년 12월 26일 오후 3:10
가방빨ㄹ래,,해야할 일,,2022년 12월 26일 오후 3:10
"frt,bld dto 리팩터링",,당장 할 일,,2022년 12월 26일 오후 3:10
주문번호중복 문구 변경,,완료 🙌,,2022년 12월 26일 오후 3:10
head-first 객체지향 방법론,,자기개발,,2022년 12월 26일 오후 3:10
토비의 스프링,,자기개발,,2022년 12월 26일 오후 3:10
인프런(스프링),,자기개발,,2022년 12월 26일 오후 3:10
네트워크 공부 (후니의 시스코네트워킹),,자기개발,,2022년 12월 26일 오후 3:10
애플페이,,자기개발,,2022년 12월 26일 오후 3:10
오픈소스 프로젝트,,자기개발,,2022년 12월 26일 오후 3:10
,,,,2022년 12월 26일 오후 3:10
다 쓴 노트,,,,2022년 12월 26일 오후 3:10
,,,,2022년 12월 26일 오후 3:10