﻿Name,Expiration Date,상태,속성,작성일시
사이드프로젝트 준비,,언젠가 할 일,,2022년 9월 5일 오전 9:09
취소 원복 기능 개발 (연동문제로 보류),,언젠가 할 일,,2022년 9월 5일 오전 9:09
가맹점무이자 할부결제 기능 실거래 테스트(연동이 안되어 보류),,언젠가 할 일,,2022년 9월 5일 오전 9:09
"주간업무보고에 기간, 진행상태 표기하기",,완료 🙌,,2022년 9월 5일 오전 9:09
재택 테스트,,완료 🙌,,2022년 9월 6일 오전 9:21
"빌게이트 핸드폰 정산 aid, mid 체크",,완료 🙌,,2022년 9월 5일 오전 9:09
빌게이트 대사 2건 http 연동,,완료 🙌,,2022년 9월 5일 오전 9:09
ie 결제창 오류 해결,,완료 🙌,,2022년 9월 6일 오후 1:53
keyin 결제 시 불필요한 필드 제거,,완료 🙌,,2022년 9월 5일 오후 3:15
nexus 커밋 롤백 여부 물어보기,,완료 🙌,,2022년 9월 5일 오전 9:09
9월 전공신청,,완료 🙌,,2022년 9월 5일 오전 9:09
수강신청하기,,완료 🙌,,2022년 9월 5일 오전 9:09
"물통, 자물쇠",,해야할 일,,2022년 9월 5일 오전 9:09
폰바꾸기,,해야할 일,,2022년 9월 5일 오전 9:09
가방빨ㄹ래,,해야할 일,,2022년 9월 5일 오전 9:09
강의보기!,,진행 중,,2022년 9월 13일 오전 10:34
빌게이트 핸드폰 정산대사 수정필요,,진행 중,,2022년 9월 7일 오후 3:13
문화상품권 일대사,,진행 중,,2022년 9월 5일 오후 1:06
"국민카드 ISP, MPI 분기",,진행 중,,2022년 9월 5일 오후 2:48
ims 비밀번호,,진행 중,,2022년 8월 24일 오전 10:09
자동차보험,,해야할 일,,2022년 9월 5일 오전 9:09
주문번호중복 문구 변경,,해야할 일,,2022년 9월 5일 오전 9:09
빌게이트 대사 테스트 환경 요청,,완료 🙌,,2022년 9월 5일 오전 9:09
head-first 객체지향 방법론,,자기개발,,2022년 9월 5일 오전 9:09
토비의 스프링,,자기개발,,2022년 9월 5일 오전 9:09
인프런(스프링),,자기개발,,2022년 9월 5일 오전 9:09
"3.3~ 학은제 컴공/ 2.28, 3.7 kmooc",,자기개발,,2022년 9월 5일 오전 9:09
네트워크 공부 (후니의 시스코네트워킹),,자기개발,,2022년 9월 5일 오전 9:09
오픈소스 프로젝트,,자기개발,,2022년 9월 5일 오전 9:09
,,,,2022년 9월 5일 오전 9:09
"productName추가, 국민카드 분기는 동시 배포 예정(권고사항이라 급하지 않음)",,당장 할 일,,2022년 9월 13일 오전 10:11
다 쓴 노트,,,,2022년 9월 5일 오전 9:09