﻿Name,Expiration Date,상태,속성,작성일시
취소 원복 기능 개발 (연동문제로 보류),,언젠가 할 일,,2022년 7월 11일 오전 9:04
가맹점무이자 할부결제 기능 실거래 테스트(연동이 안되어 보류),,언젠가 할 일,,2022년 7월 11일 오전 9:04
returnUrl 필수값 목록에서 제외,,완료 🙌,,2022년 7월 15일 오후 2:05
가상계좌 수취조회 실패로직 처리,,완료 🙌,,2022년 7월 12일 오후 1:34
7.14 배포예정,,완료 🙌,,2022년 7월 12일 오후 1:30
손톱,,완료 🙌,,2022년 7월 13일 오후 1:09
batch 작성,,완료 🙌,,2022년 7월 12일 오전 9:11
은련창 팝업 차단 감지,,당장 할 일,,2022년 7월 13일 오후 5:18
"시스템 아이디어, 질문 메모하기",,당장 할 일,,2022년 7월 11일 오전 9:04
폰바꾸기,,해야할 일,,2022년 7월 11일 오전 9:04
중복키 에러 발생 시 시퀀스 처리,,완료 🙌,,2022년 7월 11일 오전 9:04
7.12 배포예정,,완료 🙌,,2022년 7월 11일 오전 9:04
업무분담 명확하게.. 난 Batch까지 하는건가 (대사),,완료 🙌,,2022년 7월 11일 오후 3:29
빌게이트 거래대사확인,,진행 중,,2022년 7월 11일 오전 9:04
크록스,,진행 중,,2022년 7월 13일 오후 5:03
"자물쇠, 반창고",,진행 중,,2022년 7월 12일 오후 2:46
학은제 강좌신청,,진행 중,,2022년 7월 11일 오전 9:04
deadlock Exception 탐지 및 보고,,완료 🙌,,2022년 7월 11일 오후 2:32
빌게이트 부분취소 필드 추가하기,,완료 🙌,,2022년 7월 11일 오전 9:04
"빌게이트 핸드폰 결제,취소,부분취소 연동",,완료 🙌,,2022년 7월 11일 오전 9:04
head-first 객체지향 방법론,,자기개발,,2022년 7월 11일 오전 9:04
주문번호중복 문구 변경,,당장 할 일,,2022년 7월 11일 오전 9:04
,,당장 할 일,,2022년 7월 15일 오후 6:14
건의,,완료 🙌,,2022년 7월 11일 오전 9:04
토비의 스프링,,자기개발,,2022년 7월 11일 오전 9:04
인프런(스프링),,자기개발,,2022년 7월 11일 오전 9:04
봄여름가을겨울,,해야할 일,,2022년 7월 11일 오전 9:04
블루밍,,해야할 일,,2022년 7월 11일 오전 9:04
"3.3~ 학은제 컴공/ 2.28, 3.7 kmooc",,자기개발,,2022년 7월 11일 오전 9:04
네트워크 공부 (후니의 시스코네트워킹),,자기개발,,2022년 7월 11일 오전 9:04
오픈소스 프로젝트,,자기개발,,2022년 7월 11일 오전 9:04
,,,,2022년 7월 11일 오전 9:04