﻿Name,Expiration Date,상태,속성,작성일시
사이드프로젝트 준비,,언젠가 할 일,,2022년 10월 4일 오전 9:18
취소 원복 기능 개발 (연동문제로 보류),,언젠가 할 일,,2022년 10월 4일 오전 9:18
가맹점무이자 할부결제 기능 실거래 테스트(연동이 안되어 보류),,언젠가 할 일,,2022년 10월 4일 오전 9:18
일월 여행,,해야할 일,,2022년 10월 5일 오전 9:44
충전기사기,,해야할 일,,2022년 10월 4일 오후 1:38
폰배터리 교체,,해야할 일,,2022년 10월 4일 오전 9:18
가방빨ㄹ래,,해야할 일,,2022년 10월 4일 오전 9:18
주간보고 작성,,완료 🙌,,2022년 10월 4일 오전 9:18
"모바일 상품권 업로드, 디버깅",,완료 🙌,,2022년 10월 5일 오전 10:29
모바일 상품권 사용유무 필드 추가,,진행 중,,2022년 10월 7일 오전 10:33
10.04 배치 코드리뷰,,진행 중,,2022년 10월 4일 오후 5:27
"frt,bld dto 리팩터링",,진행 중,,2022년 10월 4일 오전 9:18
"front,bld 로그 정리(아스펙트제이)",,진행 중,,2022년 10월 4일 오전 9:18
apple pay 도메인 유효성 체크,,완료 🙌,,2022년 10월 5일 오후 1:04
영업대행 디버깅,,완료 🙌,,2022년 10월 5일 오전 9:13
upop 인증창 호출 개발,,완료 🙌,,2022년 10월 4일 오전 9:18
upop 달러 기입 처리,,완료 🙌,,2022년 10월 4일 오전 9:18
10.06 모바일상품권 배포,,완료 🙌,,2022년 10월 4일 오후 2:18
생일선물,,진행 중,,2022년 10월 4일 오전 9:23
옷정리,,당장 할 일,,2022년 10월 4일 오전 9:18
쇼핑,,당장 할 일,,2022년 10월 4일 오전 9:18
"국민카드 ISP, MPI 분기",,당장 할 일,,2022년 10월 4일 오전 9:18
"productName추가, 국민카드 분기는 동시 배포 예정(권고사항이라 급하지 않음)",,당장 할 일,,2022년 10월 4일 오전 9:18
빌게이트 핸드폰 정산대사 수정필요,,당장 할 일,,2022년 10월 4일 오전 9:18
stream사용,,진행 중,,2022년 10월 4일 오전 9:18
강의보기!,,진행 중,,2022년 10월 4일 오전 9:18
ims 비밀번호,,진행 중,,2022년 10월 4일 오전 9:18
자동차보험,,해야할 일,,2022년 10월 4일 오전 9:18
주문번호중복 문구 변경,,해야할 일,,2022년 10월 4일 오전 9:18
head-first 객체지향 방법론,,자기개발,,2022년 10월 4일 오전 9:18
토비의 스프링,,자기개발,,2022년 10월 4일 오전 9:18
인프런(스프링),,자기개발,,2022년 10월 4일 오전 9:18
네트워크 공부 (후니의 시스코네트워킹),,자기개발,,2022년 10월 4일 오전 9:18
오픈소스 프로젝트,,자기개발,,2022년 10월 4일 오전 9:18
,,,,2022년 10월 4일 오전 9:18
다 쓴 노트,,,,2022년 10월 4일 오전 9:18