﻿Name,Expiration Date,상태,속성,작성일시
취소 원복 기능 개발 (연동문제로 보류),,언젠가 할 일,,2022년 8월 16일 오전 8:57
가맹점무이자 할부결제 기능 실거래 테스트(연동이 안되어 보류),,언젠가 할 일,,2022년 8월 16일 오전 8:57
빌게이트 대사 테스트 환경 요청,,당장 할 일,,2022년 8월 18일 오후 5:16
모바일 상품권 고려사항,,당장 할 일,,2022년 8월 18일 오후 5:16
"모바일 상품권 결제, 취소, 조회, 망취소",,당장 할 일,,2022년 8월 18일 오후 1:06
방수케이스,,당장 할 일,,2022년 8월 16일 오전 9:01
폰바꾸기,,당장 할 일,,2022년 8월 16일 오전 8:57
authtypecd 확인,,해야할 일,,2022년 8월 18일 오후 3:24
"빌게이트 핸드폰 정산 aid, mid 체크",,해야할 일,,2022년 8월 16일 오후 6:02
9월 전공신청,,해야할 일,,2022년 8월 16일 오전 9:32
주문번호중복 문구 변경,,해야할 일,,2022년 8월 16일 오전 8:57
가방빨ㄹ래,,해야할 일,,2022년 8월 16일 오전 8:57
빌게이트 정산대사,,해야할 일,,2022년 8월 16일 오전 8:57
빌게이트 대사 2건 http 연동,,진행 중,,2022년 8월 17일 오전 11:20
학점은행,,진행 중,,2022년 8월 16일 오전 9:06
빌게이트 핸드폰 정산 대사 개발,,완료 🙌,,2022년 8월 16일 오전 8:57
사이드프로젝트 준비,,진행 중,,2022년 8월 16일 오전 8:57
구인,,진행 중,,2022년 8월 16일 오전 8:57
자동차보험,,진행 중,,2022년 8월 16일 오전 8:57
학은제 강좌신청,,진행 중,,2022년 8월 16일 오전 8:57
head-first 객체지향 방법론,,자기개발,,2022년 8월 16일 오전 8:57
토비의 스프링,,자기개발,,2022년 8월 16일 오전 8:57
인프런(스프링),,자기개발,,2022년 8월 16일 오전 8:57
"3.3~ 학은제 컴공/ 2.28, 3.7 kmooc",,자기개발,,2022년 8월 16일 오전 8:57
네트워크 공부 (후니의 시스코네트워킹),,자기개발,,2022년 8월 16일 오전 8:57
오픈소스 프로젝트,,자기개발,,2022년 8월 16일 오전 8:57
,,,,2022년 8월 16일 오전 8:57
다 쓴 노트,,,,2022년 8월 16일 오전 8:57