﻿Name,Expiration Date,상태,속성,작성일시
취소 원복 기능 개발 (연동문제로 보류),,언젠가 할 일,,2022년 7월 19일 오전 9:06
가맹점무이자 할부결제 기능 실거래 테스트(연동이 안되어 보류),,언젠가 할 일,,2022년 7월 19일 오전 9:06
은련창 팝업 차단 감지,,당장 할 일,,2022년 7월 19일 오전 9:06
"시스템 아이디어, 질문 메모하기",,당장 할 일,,2022년 7월 19일 오전 9:06
폰바꾸기,,해야할 일,,2022년 7월 19일 오전 9:06
보험,,진행 중,,2022년 7월 22일 오전 9:06
빌게이트 휴대폰 거래대사,,진행 중,,2022년 7월 19일 오전 9:06
학은제 강좌신청,,진행 중,,2022년 7월 19일 오전 9:06
head-first 객체지향 방법론,,자기개발,,2022년 7월 19일 오전 9:06
주문번호중복 문구 변경,,당장 할 일,,2022년 7월 19일 오전 9:06
토비의 스프링,,자기개발,,2022년 7월 19일 오전 9:06
인프런(스프링),,자기개발,,2022년 7월 19일 오전 9:06
봄여름가을겨울,,해야할 일,,2022년 7월 19일 오전 9:06
블루밍,,해야할 일,,2022년 7월 19일 오전 9:06
"3.3~ 학은제 컴공/ 2.28, 3.7 kmooc",,자기개발,,2022년 7월 19일 오전 9:06
네트워크 공부 (후니의 시스코네트워킹),,자기개발,,2022년 7월 19일 오전 9:06
오픈소스 프로젝트,,자기개발,,2022년 7월 19일 오전 9:06
,,,,2022년 7월 19일 오전 9:06
나이스페이 해외결제 시 카드사 누락 수정,,완료 🙌,,2022년 7월 19일 오후 1:57
front smpi 카드 설정정보 변경,,완료 🙌,,2022년 7월 19일 오후 1:51
NicePg OFfPG VanKEy 필드 추가,,완료 🙌,,2022년 7월 19일 오후 1:51
주간보고,,완료 🙌,,2022년 7월 21일 오전 8:57
크록스,,완료 🙌,,2022년 7월 19일 오전 9:06
"자물쇠, 반창고",,완료 🙌,,2022년 7월 19일 오전 9:06