﻿Name,Expiration Date,상태,속성,작성일시
취소 원복 기능 개발 (연동문제로 보류),,언젠가 할 일,,2022년 5월 15일 오후 10:50
가맹점무이자 할부결제 기능 실거래 테스트(연동이 안되어 보류),,언젠가 할 일,,2022년 5월 15일 오후 10:50
건의,,당장 할 일,,2022년 5월 15일 오후 10:50
"빌게이트 수기결제, 취소 연동",,진행 중,,2022년 5월 19일 오전 9:27
영문창 메시지 분리,,진행 중,,2022년 5월 15일 오후 10:50
토비의 스프링,,자기개발,,2022년 5월 15일 오후 10:50
코틀린 공부하기,,진행 중,,2022년 5월 15일 오후 10:50
head-first 객체지향 방법론,,진행 중,,2022년 5월 15일 오후 10:50
인프런(스프링),,자기개발,,2022년 5월 15일 오후 10:50
영문약관 3번 길이문제로 third parties 단어 제거한거 전달,,해야할 일,,2022년 5월 16일 오후 4:37
트랜잭셔널에 대해,,해야할 일,,2022년 5월 15일 오후 10:50
봄여름가을겨울,,해야할 일,,2022년 5월 15일 오후 10:50
블루밍,,해야할 일,,2022년 5월 15일 오후 10:50
directCall setTimeout 걷어내기,,해야할 일,,2022년 5월 15일 오후 10:50
"3.3~ 학은제 컴공/ 2.28, 3.7 kmooc",,자기개발,,2022년 5월 15일 오후 10:50
영문결제창 호출,,해야할 일,,2022년 5월 15일 오후 10:50
네트워크 공부 (후니의 시스코네트워킹),,자기개발,,2022년 5월 15일 오후 10:50
오픈소스 프로젝트,,자기개발,,2022년 5월 15일 오후 10:50
,,,,2022년 5월 15일 오후 10:50
엘든링 엔딩,,완료 🙌,,2022년 5월 15일 오후 10:50
장원 과제,,완료 🙌,,2022년 5월 15일 오후 10:50
Upop 코밴연동 설계 및 분석,,당장 할 일,,2022년 5월 15일 오후 10:50