﻿Name,Expiration Date,상태,속성,작성일시
"보안, 암호공부",,자기개발,,2022년 4월 5일 오후 5:48
취소 원복 기능 개발 (연동문제로 보류),,언젠가 할 일,,2022년 4월 5일 오후 5:48
가맹점무이자 할부결제 기능 실거래 테스트(연동이 안되어 보류),,언젠가 할 일,,2022년 4월 5일 오후 5:48
2.27 플루터 스터디 시작,,완료 🙌,,2022년 4월 5일 오후 5:48
성명조회 실패 로직 리팩토링,,완료 🙌,,2022년 4월 8일 오후 5:00
프론트 로깅 줄이랑 stack 띄우기,,완료 🙌,,2022년 4월 5일 오후 5:48
서브몰 API 암복호화 연동 프론트 컨트롤러 작성,,완료 🙌,,2022년 4월 5일 오후 5:48
UPOP 연동 건,,당장 할 일,,2022년 4월 5일 오후 5:48
카카오페이 직접 연동,,진행 중,,2022년 4월 5일 오후 5:48
성명조회 잘못된 코드 리턴될 시 테이블 저장하고 대사 시는 예외처리,,완료 🙌,,2022년 4월 5일 오후 5:48
directCall setTimeout 걷어내기,,해야할 일,,2022년 4월 7일 오후 5:20
신발 발품,,해야할 일,,2022년 4월 5일 오후 5:48
flutter 6주차,,진행 중,,2022년 4월 5일 오후 5:48
하고 싶은 일,,진행 중,,2022년 4월 5일 오후 5:48
stream 공부하기,,진행 중,,2022년 4월 5일 오후 5:48
"3.3~ 학은제 컴공/ 2.28, 3.7 kmooc",,진행 중,,2022년 4월 5일 오후 5:48
건의,,해야할 일,,2022년 4월 5일 오후 5:48
영문결제창 호출,,해야할 일,,2022년 4월 5일 오후 5:48
영문결제창 호출,,해야할 일,,2022년 4월 5일 오후 5:48
은련 프로세스 정리,,해야할 일,,2022년 4월 5일 오후 5:48
렌즈 올리기,,언젠가 할 일,,2022년 4월 5일 오후 5:48
세틀뱅크 연동,,그 외,,2022년 4월 5일 오후 5:48
인프런(스프링),,진행 중,,2022년 4월 5일 오후 5:48
네트워크 공부 (후니의 시스코네트워킹),,자기개발,,2022년 4월 5일 오후 5:48
토비의 스프링,,자기개발,,2022년 4월 5일 오후 5:48
코틀린,,자기개발,,2022년 4월 5일 오후 5:48
,,,,2022년 4월 5일 오후 5:48
"resttemplate, requestbody, responsebody, multivaluemap 정리",,당장 할 일,,2022년 4월 7일 오후 8:34