﻿Name,Expiration Date,상태,속성,작성일시
"보안, 암호공부",,자기개발,,2022년 4월 11일 오전 9:17
취소 원복 기능 개발 (연동문제로 보류),,언젠가 할 일,,2022년 4월 11일 오전 9:17
가맹점무이자 할부결제 기능 실거래 테스트(연동이 안되어 보류),,언젠가 할 일,,2022년 4월 11일 오전 9:17
그거 작성하기,,완료 🙌,,2022년 4월 15일 오후 3:19
카카오페이 직접 연동,,완료 🙌,,2022년 4월 11일 오전 9:17
"카카오페이 취소, 실패 시 컨트롤러 작성하기, CORS 해결하기",,완료 🙌,,2022년 4월 14일 오후 6:08
카카오페이 질문하기,,완료 🙌,,2022년 4월 13일 오후 4:17
신발 발품,,완료 🙌,,2022년 4월 11일 오전 9:17
2.27 플루터 스터디 시작,,완료 🙌,,2022년 4월 11일 오전 9:17
UPOP 연동 건,,당장 할 일,,2022년 4월 11일 오전 9:17
"resttemplate, requestbody, responsebody, multivaluemap 정리",,당장 할 일,,2022년 4월 11일 오전 9:17
카카오페이 일단락,,진행 중,,2022년 4월 15일 오전 9:13
가죽보호제,,진행 중,,2022년 4월 13일 오전 9:00
AC2 (에자일코치) 정보수집,,해야할 일,,2022년 4월 15일 오전 9:14
directCall setTimeout 걷어내기,,해야할 일,,2022년 4월 11일 오전 9:17
flutter 7주차,,진행 중,,2022년 4월 11일 오전 9:17
하고 싶은 일,,진행 중,,2022년 4월 11일 오전 9:17
stream 공부하기,,진행 중,,2022년 4월 11일 오전 9:17
"3.3~ 학은제 컴공/ 2.28, 3.7 kmooc",,진행 중,,2022년 4월 11일 오전 9:17
건의,,해야할 일,,2022년 4월 11일 오전 9:17
영문결제창 호출,,해야할 일,,2022년 4월 11일 오전 9:17
영문결제창 호출,,해야할 일,,2022년 4월 11일 오전 9:17
은련 프로세스 정리,,해야할 일,,2022년 4월 11일 오전 9:17
렌즈 올리기,,언젠가 할 일,,2022년 4월 11일 오전 9:17
세틀뱅크 연동,,그 외,,2022년 4월 11일 오전 9:17
인프런(스프링),,진행 중,,2022년 4월 11일 오전 9:17
네트워크 공부 (후니의 시스코네트워킹),,자기개발,,2022년 4월 11일 오전 9:17
토비의 스프링,,자기개발,,2022년 4월 11일 오전 9:17
코틀린,,자기개발,,2022년 4월 11일 오전 9:17
,,,,2022년 4월 11일 오전 9:17