﻿Name,Expiration Date,상태,속성,작성일시
사이드프로젝트 준비,,언젠가 할 일,,2022년 9월 19일 오전 8:58
취소 원복 기능 개발 (연동문제로 보류),,언젠가 할 일,,2022년 9월 19일 오전 8:58
가맹점무이자 할부결제 기능 실거래 테스트(연동이 안되어 보류),,언젠가 할 일,,2022년 9월 19일 오전 8:58
폰배터리 교체,,해야할 일,,2022년 9월 19일 오전 8:58
가방빨ㄹ래,,해야할 일,,2022년 9월 19일 오전 8:58
질문할 것,,완료 🙌,,2022년 9월 19일 오전 8:58
모바일상품권 일대사 API 수정,,완료 🙌,,2022년 9월 21일 오후 5:55
22일 모바일상품권 일대사 1건 배치 테스트,,완료 🙌,,2022년 9월 21일 오후 5:54
스크립트 호출 수정,,완료 🙌,,2022년 9월 23일 오전 9:27
배치 수정,,완료 🙌,,2022년 9월 23일 오전 9:27
주간보고 작성,,진행 중,,2022년 9월 19일 오전 11:25
문화상품권 일대사,,완료 🙌,,2022년 9월 19일 오전 8:58
빌게이트 핸드폰 정산대사 수정필요,,진행 중,,2022년 9월 19일 오전 8:58
stream사용,,진행 중,,2022년 9월 19일 오전 8:58
upop 인증창 호출 개발,,진행 중,,2022년 9월 19일 오전 8:58
강의보기!,,진행 중,,2022년 9월 19일 오전 8:58
브라우저 캐시검증(방지),,당장 할 일,,2022년 9월 22일 오후 1:30
"productName추가, 국민카드 분기는 동시 배포 예정(권고사항이라 급하지 않음)",,당장 할 일,,2022년 9월 19일 오전 8:58
"국민카드 ISP, MPI 분기",,당장 할 일,,2022년 9월 19일 오전 8:58
ims 비밀번호,,진행 중,,2022년 9월 19일 오전 8:58
자동차보험,,해야할 일,,2022년 9월 19일 오전 8:58
주문번호중복 문구 변경,,해야할 일,,2022년 9월 19일 오전 8:58
head-first 객체지향 방법론,,자기개발,,2022년 9월 19일 오전 8:58
토비의 스프링,,자기개발,,2022년 9월 19일 오전 8:58
인프런(스프링),,자기개발,,2022년 9월 19일 오전 8:58
"3.3~ 학은제 컴공/ 2.28, 3.7 kmooc",,자기개발,,2022년 9월 19일 오전 8:58
네트워크 공부 (후니의 시스코네트워킹),,자기개발,,2022년 9월 19일 오전 8:58
오픈소스 프로젝트,,자기개발,,2022년 9월 19일 오전 8:58
,,,,2022년 9월 19일 오전 8:58
다 쓴 노트,,,,2022년 9월 19일 오전 8:58