﻿Name,Expiration Date,상태,속성,작성일시
취소 원복 기능 개발 (연동문제로 보류),,언젠가 할 일,,2022년 7월 4일 오전 8:53
가맹점무이자 할부결제 기능 실거래 테스트(연동이 안되어 보류),,언젠가 할 일,,2022년 7월 4일 오전 8:53
"이펙터, 장비",,완료 🙌,,2022년 7월 4일 오전 9:39
gp200ㅈ ㅣ르자,,완료 🙌,,2022년 7월 7일 오후 5:14
offpg 취소 중복키 발생 승인 데이터 생성  처리,,완료 🙌,,2022년 7월 7일 오후 5:55
7.7 배포목록,,완료 🙌,,2022년 7월 4일 오전 9:41
"학위, 학점 신청 ~7.15",,완료 🙌,,2022년 7월 4일 오전 8:53
주간업무공유 문서 작성,,완료 🙌,,2022년 7월 4일 오전 8:53
교통카드 지원금 확인하기,,완료 🙌,,2022년 7월 6일 오전 9:03
offpg 키 생성함,,완료 🙌,,2022년 7월 5일 오전 11:08
옷신발바지,,완료 🙌,,2022년 7월 4일 오전 8:53
기존 대사로직 조회하기,,해야할 일,,2022년 7월 8일 오후 12:02
"시스템 아이디어, 질문 메모하기",,해야할 일,,2022년 7월 7일 오후 5:56
"en점검, pcidss",,해야할 일,,2022년 7월 7일 오후 5:56
빌게이트 거래대사확인,,해야할 일,,2022년 7월 7일 오후 5:56
중복키 에러 발생 시 시퀀스 처리,,해야할 일,,2022년 7월 7일 오후 5:55
폰바꾸기,,해야할 일,,2022년 7월 4일 오전 9:30
7.12 배포예정,,진행 중,,2022년 7월 7일 오후 4:08
학은제 강좌신청,,진행 중,,2022년 7월 7일 오전 9:14
빌게이트 부분취소 필드 추가하기,,진행 중,,2022년 7월 6일 오후 5:26
다날 방화벽 체크,,완료 🙌,,2022년 7월 4일 오전 9:30
currencyType 공통인자 확인,,완료 🙌,,2022년 7월 4일 오전 8:53
핸드폰결제 취소시 핸드폰결제 처리성공 메시지 옴 (A000),,완료 🙌,,2022년 7월 4일 오전 8:53
"빌게이트 핸드폰 결제,취소,부분취소 연동",,진행 중,,2022년 7월 4일 오전 8:53
head-first 객체지향 방법론,,자기개발,,2022년 7월 4일 오전 8:53
주문번호중복 문구 변경,,당장 할 일,,2022년 7월 6일 오전 10:18
건의,,당장 할 일,,2022년 7월 4일 오전 8:53
토비의 스프링,,자기개발,,2022년 7월 4일 오전 8:53
인프런(스프링),,자기개발,,2022년 7월 4일 오전 8:53
"minor, foreign 코드만 올라올 시 더보기 없애고 바로 노출시키기",,완료 🙌,,2022년 7월 4일 오전 8:53
봄여름가을겨울,,해야할 일,,2022년 7월 4일 오전 8:53
블루밍,,해야할 일,,2022년 7월 4일 오전 8:53
"3.3~ 학은제 컴공/ 2.28, 3.7 kmooc",,자기개발,,2022년 7월 4일 오전 8:53
네트워크 공부 (후니의 시스코네트워킹),,자기개발,,2022년 7월 4일 오전 8:53
오픈소스 프로젝트,,자기개발,,2022년 7월 4일 오전 8:53
,,,,2022년 7월 4일 오전 8:53