﻿Name,Expiration Date,상태,속성,작성일시
사이드프로젝트 준비,,언젠가 할 일,,2022년 11월 15일 오전 8:58
취소 원복 기능 개발 (연동문제로 보류),,언젠가 할 일,,2022년 11월 15일 오전 8:58
가맹점무이자 할부결제 기능 실거래 테스트(연동이 안되어 보류),,언젠가 할 일,,2022년 11월 15일 오전 8:58
강의보기!,,자기개발,,2022년 11월 15일 오전 8:58
stream사용,,자기개발,,2022년 11월 15일 오전 8:58
"인증서, 암호화 처리 공부해보기",,자기개발,,2022년 11월 15일 오전 8:58
릴레이서버 공부,,자기개발,,2022년 11월 15일 오전 8:58
"서버, 스프링 설정파일 공부",,자기개발,,2022년 11월 15일 오전 8:58
부분취소 장애 디버깅,,완료 🙌,,2022년 11월 18일 오전 10:17
주간보고,,완료 🙌,,2022년 11월 15일 오전 8:58
"amex, ?제거",,완료 🙌,,2022년 11월 15일 오전 8:58
bld 전수테스트,,완료 🙌,,2022년 11월 15일 오전 8:58
애플페이 테스트 결제오류,,완료 🙌,,2022년 11월 15일 오전 8:58
애픒페이 디코딩 체크 (사이버소스 디코딩으로 수정함),,완료 🙌,,2022년 11월 15일 오전 9:00
애플페이 sms인증,,완료 🙌,,2022년 11월 16일 오전 9:12
암호화 및 인증서 정리 및 발표,,완료 🙌,,2022년 11월 15일 오전 8:58
이미 현금영수증 발행된 건에 대해 생성 방지 요청,,완료 🙌,,2022년 11월 16일 오후 2:48
conn_cd 누락 수정,,완료 🙌,,2022년 11월 16일 오전 11:23
현금영수증 중복발생건 취소,,완료 🙌,,2022년 11월 16일 오후 5:14
"현금영수증 tid 중복생성? 
TBTR_CRCT_TRX 체크",,완료 🙌,,2022년 11월 15일 오후 2:25
tid생성함수 운영반영,,완료 🙌,,2022년 11월 15일 오전 9:01
kstnet 개발 통일 확인 (offpg),,당장 할 일,,2022년 11월 17일 오후 4:58
applepay fail returnUrl,,진행 중,,2022년 11월 18일 오후 3:28
애플페이 UI 개발,,진행 중,,2022년 11월 15일 오전 8:58
유효성체크,,진행 중,,2022년 11월 15일 오전 8:58
휴가일정짜기,,진행 중,,2022년 11월 15일 오전 8:58
front 현금영수증api 로직 수정,,완료 🙌,,2022년 11월 15일 오전 8:58
빌링 ordEmail 2개 들어온 로그 확인,,당장 할 일,,2022년 11월 17일 오전 9:13
계쫘이체 응답값 체크,,당장 할 일,,2022년 11월 15일 오전 8:58
프론트 카드번호 마스킹 처리,,당장 할 일,,2022년 11월 15일 오전 8:58
23반차,,당장 할 일,,2022년 11월 15일 오전 8:58
가상계좌 currency Type null,,해야할 일,,2022년 11월 21일 오전 10:44
nice_rslt_cd 로직 추가http://101.202.19.175:3000/issues/989,,해야할 일,,2022년 11월 15일 오전 8:58
front icoom interface,,해야할 일,,2022년 11월 15일 오전 8:58
10.04 배치 코드리뷰,,해야할 일,,2022년 11월 15일 오전 8:58
빌게이트 핸드폰 정산대사 수정필요,,해야할 일,,2022년 11월 15일 오전 8:58
충전기사기,,해야할 일,,2022년 11월 15일 오전 8:58
가방빨ㄹ래,,해야할 일,,2022년 11월 15일 오전 8:58
notiUrl,,진행 중,,2022년 11월 15일 오전 8:58
코밴수기결제세팅,,당장 할 일,,2022년 11월 15일 오전 8:58
"frt,bld dto 리팩터링",,당장 할 일,,2022년 11월 15일 오전 8:58
ims 비밀번호,,진행 중,,2022년 11월 15일 오전 8:58
주문번호중복 문구 변경,,해야할 일,,2022년 11월 15일 오전 8:58
head-first 객체지향 방법론,,자기개발,,2022년 11월 15일 오전 8:58
토비의 스프링,,자기개발,,2022년 11월 15일 오전 8:58
인프런(스프링),,자기개발,,2022년 11월 15일 오전 8:58
네트워크 공부 (후니의 시스코네트워킹),,자기개발,,2022년 11월 15일 오전 8:58
애플페이,,자기개발,,2022년 11월 15일 오전 8:58
오픈소스 프로젝트,,자기개발,,2022년 11월 15일 오전 8:58
,,,,2022년 11월 15일 오전 8:58
다 쓴 노트,,,,2022년 11월 15일 오전 8:58