﻿Name,Expiration Date,상태,속성,작성일시
"보안, 암호공부",,자기개발,,2022년 3월 28일 오전 9:06
취소 원복 기능 개발 (연동문제로 보류),,언젠가 할 일,,2022년 3월 28일 오전 9:06
가맹점무이자 할부결제 기능 실거래 테스트(연동이 안되어 보류),,언젠가 할 일,,2022년 3월 28일 오전 9:06
프론트 로깅 줄이랑 stack 띄우기,,당장 할 일,,2022년 3월 28일 오전 9:06
IMS 계좌발급타입 추가 (4:무반납 금액미체크),,완료 🙌,,2022년 3월 28일 오전 9:06
무반납 개발패치문서 작성,,완료 🙌,,2022년 3월 31일 오후 4:47
주간보고 작성,,완료 🙌,,2022년 3월 28일 오전 9:06
"현금영수증 조회, 결제, 성명조회, 가상계좌 발급, 무반납 테스트",,완료 🙌,,2022년 3월 29일 오전 10:39
가상게좌 벌크 무반납,,완료 🙌,,2022년 3월 28일 오전 9:06
"오전 테스트한 가상계좌 결제 건부가세, 정산주기 누락 채우기",,완료 🙌,,2022년 3월 30일 오후 3:34
서브몰 API 암복호화 연동 프론트 컨트롤러 작성,,진행 중,,2022년 4월 1일 오후 4:29
성명조회 잘못된 코드 리턴될 시 테이블 저장하고 대사 시는 예외처리,,진행 중,,2022년 3월 29일 오후 3:58
키오스크 연동 프론트 개발 건,,완료 🙌,,2022년 3월 28일 오전 9:06
엑셀 날짜서식 변경,,완료 🙌,,2022년 3월 28일 오전 9:06
현금영수증 조회 API 옮길지 물어보기,,완료 🙌,,2022년 3월 28일 오전 9:06
flutter 4주차,,완료 🙌,,2022년 3월 28일 오전 9:06
신발 발품,,해야할 일,,2022년 3월 28일 오전 9:06
flutter 5주차,,진행 중,,2022년 3월 31일 오전 9:15
하고 싶은 일,,진행 중,,2022년 3월 28일 오전 9:06
2.27 플루터 스터디 시작,,진행 중,,2022년 3월 28일 오전 9:06
stream 공부하기,,진행 중,,2022년 3월 28일 오전 9:06
"3.3~ 학은제 컴공/ 2.28, 3.7 kmooc",,진행 중,,2022년 3월 28일 오전 9:06
건의,,해야할 일,,2022년 3월 28일 오전 9:06
UPOP 연동 건,,해야할 일,,2022년 3월 28일 오전 9:06
영문결제창 호출,,해야할 일,,2022년 3월 28일 오전 9:06
영문결제창 호출,,해야할 일,,2022년 3월 28일 오후 10:40
은련 프로세스 정리,,해야할 일,,2022년 3월 28일 오전 9:06
렌즈 올리기,,언젠가 할 일,,2022년 3월 28일 오전 9:06
세틀뱅크 연동,,그 외,,2022년 3월 28일 오전 9:06
인프런(스프링),,진행 중,,2022년 3월 28일 오전 9:06
네트워크 공부 (후니의 시스코네트워킹),,자기개발,,2022년 3월 28일 오전 9:06
토비의 스프링,,자기개발,,2022년 3월 28일 오전 9:06
코틀린,,자기개발,,2022년 3월 28일 오전 9:06
,,,,2022년 3월 28일 오전 9:06