﻿Name,Expiration Date,상태,속성,작성일시
"보안, 암호공부",,자기개발,,2022년 1월 10일 오전 8:59
취소 원복 기능 개발 (연동문제로 보류),,언젠가 할 일,,2022년 1월 10일 오전 8:59
가맹점무이자 할부결제 기능 실거래 테스트(연동이 안되어 보류),,언젠가 할 일,,2022년 1월 10일 오전 8:59
수기결제api,,완료 🙌,,2022년 1월 10일 오전 8:59
자리 옮김,,완료 🙌,,2022년 1월 13일 오후 4:59
1/12(수) 가상계좌 프로세스 조사,,완료 🙌,,2022년 1월 10일 오전 11:25
직접호출 후 카드사창 닫을 시 블러처리 없애기,,완료 🙌,,2022년 1월 10일 오후 5:35
매뉴얼에서 인자 지우기(directCallYN),,완료 🙌,,2022년 1월 11일 오전 9:45
"기술개발문서 수정(배경제거, payMethod지정필요)",,완료 🙌,,2022년 1월 11일 오후 4:10
주간업무보고 작성하기,,해야할 일,,2022년 1월 10일 오전 8:59
,,진행 중,,2022년 1월 13일 오후 6:05
수기결제 API 필드처리,,진행 중,,2022년 1월 13일 오후 5:56
RM승인한도 종료일자 변경 (21수 마감),,진행 중,,2022년 1월 10일 오전 8:59
"1/10 (월) 매입, 3당사자, 4당사자에 대해 조사 및 발표 준비",,완료 🙌,,2022년 1월 10일 오전 8:59
"빌링결제 샘플 가이드 검토, 숙지, 수정사항 확인",,완료 🙌,,2022년 1월 10일 오전 8:59
렌즈 올리기,,해야할 일,,2022년 1월 10일 오전 8:59
하고 싶은 일,,진행 중,,2022년 1월 10일 오전 8:59
세틀뱅크 연동,,그 외,,2022년 1월 10일 오전 8:59
인프런(스프링),,진행 중,,2022년 1월 10일 오전 8:59
네트워크 공부 (후니의 시스코네트워킹),,자기개발,,2022년 1월 10일 오전 8:59
토비의 스프링,,자기개발,,2022년 1월 10일 오전 8:59
코틀린,,자기개발,,2022년 1월 10일 오전 8:59
,,,,2022년 1월 10일 오전 8:59
"PG, 회사 시스템 질문할 것",,당장 할 일,,2022년 1월 12일 오후 3:35
독학사 시험일 2/27,,당장 할 일,,2022년 1월 10일 오전 8:59
독학사 원서접수 일정 1/14 ~ 1/21,,당장 할 일,,2022년 1월 10일 오전 8:59