﻿Name,Expiration Date,상태,속성,작성일시
취소 원복 기능 개발 (연동문제로 보류),,언젠가 할 일,,2022년 6월 20일 오전 9:35
가맹점무이자 할부결제 기능 실거래 테스트(연동이 안되어 보류),,언젠가 할 일,,2022년 6월 20일 오전 9:35
빌게이트 핸드폰결제 연동 (8월중),,진행 중,,2022년 6월 27일 오후 5:41
6.28 배포목록,,진행 중,,2022년 6월 23일 오후 1:45
"학위, 학점 신청 ~7.15",,진행 중,,2022년 6월 21일 오후 3:07
head-first 객체지향 방법론,,자기개발,,2022년 6월 20일 오전 9:35
상수 및 변수 명 수정,,당장 할 일,,2022년 6월 27일 오전 9:10
주문번호중복 문구 변경,,당장 할 일,,2022년 6월 20일 오전 9:35
건의,,완료 🙌,,2022년 6월 20일 오전 9:35
토비의 스프링,,자기개발,,2022년 6월 20일 오전 9:35
인프런(스프링),,자기개발,,2022년 6월 20일 오전 9:35
"원하는 것, 고쳤으면 하는 것",,완료 🙌,,2022년 6월 23일 오전 11:00
트랜잭셔널에 대해,,해야할 일,,2022년 6월 20일 오전 9:35
봄여름가을겨울,,해야할 일,,2022년 6월 20일 오전 9:35
블루밍,,해야할 일,,2022년 6월 20일 오전 9:35
"3.3~ 학은제 컴공/ 2.28, 3.7 kmooc",,자기개발,,2022년 6월 20일 오전 9:35
네트워크 공부 (후니의 시스코네트워킹),,자기개발,,2022년 6월 20일 오전 9:35
오픈소스 프로젝트,,자기개발,,2022년 6월 20일 오전 9:35
,,,,2022년 6월 20일 오전 9:35