﻿Name,Expiration Date,상태,속성,작성일시
사이드프로젝트 준비,,언젠가 할 일,,2022년 11월 28일 오전 8:03
취소 원복 기능 개발 (연동문제로 보류),,언젠가 할 일,,2022년 11월 28일 오전 8:03
가맹점무이자 할부결제 기능 실거래 테스트(연동이 안되어 보류),,언젠가 할 일,,2022년 11월 28일 오전 8:03
강의보기!,,자기개발,,2022년 11월 28일 오전 8:03
stream사용,,자기개발,,2022년 11월 28일 오전 8:03
"인증서, 암호화 처리 공부해보기",,자기개발,,2022년 11월 28일 오전 8:03
릴레이서버 공부,,자기개발,,2022년 11월 28일 오전 8:03
"서버, 스프링 설정파일 공부",,자기개발,,2022년 11월 28일 오전 8:03
jenkins setting 공부..,,해야할 일,,2022년 11월 29일 오후 2:28
kstnet 개발 통일 확인 (offpg),,해야할 일,,2022년 11월 28일 오전 8:03
주간보고,,당장 할 일,,2022년 12월 1일 오전 9:59
,,진행 중,,2022년 12월 2일 오전 9:54
모바일상품권 로직 수정(망취소) 테스트 필요,,진행 중,,2022년 12월 1일 오후 5:30
modu 개발문의,,진행 중,,2022년 12월 1일 오후 4:15
지원서 작성하기,,진행 중,,2022년 11월 28일 오전 8:03
코나카드 설계,,진행 중,,2022년 11월 28일 오전 8:03
애플페이 UI 개발,,진행 중,,2022년 11월 28일 오전 8:03
빌링 ordEmail 2개 들어온 로그 확인,,진행 중,,2022년 11월 28일 오전 8:03
유효성체크,,진행 중,,2022년 11월 28일 오전 8:03
휴가일정짜기,,진행 중,,2022년 11월 28일 오전 8:03
아이보리 후드,,완료 🙌,,2022년 11월 28일 오전 11:10
30일 미팅 내용,,완료 🙌,,2022년 11월 29일 오후 5:37
계쫘이체 응답값 체크,,당장 할 일,,2022년 11월 28일 오전 8:03
프론트 카드번호 마스킹 처리,,당장 할 일,,2022년 11월 28일 오전 8:03
front icoom interface,,해야할 일,,2022년 11월 28일 오전 8:03
10.04 배치 코드리뷰,,해야할 일,,2022년 11월 28일 오전 8:03
빌게이트 핸드폰 정산대사 수정필요,,해야할 일,,2022년 11월 28일 오전 8:03
가방빨ㄹ래,,해야할 일,,2022년 11월 28일 오전 8:03
코밴수기결제세팅,,당장 할 일,,2022년 11월 28일 오전 8:03
"frt,bld dto 리팩터링",,당장 할 일,,2022년 11월 28일 오전 8:03
ims 비밀번호,,진행 중,,2022년 11월 28일 오전 8:03
주문번호중복 문구 변경,,해야할 일,,2022년 11월 28일 오전 8:03
head-first 객체지향 방법론,,자기개발,,2022년 11월 28일 오전 8:03
토비의 스프링,,자기개발,,2022년 11월 28일 오전 8:03
인프런(스프링),,자기개발,,2022년 11월 28일 오전 8:03
네트워크 공부 (후니의 시스코네트워킹),,자기개발,,2022년 11월 28일 오전 8:03
애플페이,,자기개발,,2022년 11월 28일 오전 8:03
오픈소스 프로젝트,,자기개발,,2022년 11월 28일 오전 8:03
,,,,2022년 11월 28일 오전 8:03
,,,,2022년 11월 28일 오전 8:03
다 쓴 노트,,,,2022년 11월 28일 오전 8:03