﻿Name,Expiration Date,상태,속성,작성일시
"보안, 암호공부",,자기개발,,2022년 1월 24일 오전 9:19
취소 원복 기능 개발 (연동문제로 보류),,언젠가 할 일,,2022년 1월 24일 오전 9:19
가맹점무이자 할부결제 기능 실거래 테스트(연동이 안되어 보류),,언젠가 할 일,,2022년 1월 24일 오전 9:19
1타3피 체육쿠폰 사용2/11~3/11,,해야할 일,,2022년 1월 24일 오전 9:19
독학사 준비(인강신청),,해야할 일,,2022년 1월 24일 오전 9:19
독학사 응시자격 증명서류 첨부 ~2.17/ 준비물 확인하기,,해야할 일,,2022년 1월 24일 오전 9:19
독학사 시험일 2/27,,해야할 일,,2022년 1월 24일 오전 9:19
백신3차,,해야할 일,,2022년 1월 24일 오전 9:19
렌즈 올리기,,언젠가 할 일,,2022년 1월 24일 오전 9:19
직접호출 사용 시 신협(41)등 마이너 코드 결제취소 오류 수정,,완료 🙌,,2022년 1월 26일 오후 4:41
간편결제사 직접호출 결제 시 결제사 누락 버그 수정,,완료 🙌,,2022년 1월 26일 오후 3:11
#267 계좌이체 결제내역 조회 거래확인서 수정 요청 건,,완료 🙌,,2022년 1월 26일 오전 11:51
#302 지불수단 결제내역조회 화면 거래유형 제외 요청,,완료 🙌,,2022년 1월 26일 오전 11:51
"간편결제 직접호출, 표준창 노출 제어",,완료 🙌,,2022년 1월 24일 오전 9:19
front 성명조회 API,,진행 중,,2022년 1월 26일 오전 11:54
하고 싶은 일,,진행 중,,2022년 1월 24일 오전 9:19
세틀뱅크 연동,,그 외,,2022년 1월 24일 오전 9:19
인프런(스프링),,진행 중,,2022년 1월 24일 오전 9:19
네트워크 공부 (후니의 시스코네트워킹),,자기개발,,2022년 1월 24일 오전 9:19
토비의 스프링,,자기개발,,2022년 1월 24일 오전 9:19
코틀린,,자기개발,,2022년 1월 24일 오전 9:19
,,,,2022년 1월 24일 오전 9:19
MMS > 비밀번호 찾기 관련 문의드립니다. #293`,,완료 🙌,,2022년 1월 24일 오전 11:34
주간업무보고 작성,,당장 할 일,,2022년 1월 26일 오전 9:13