﻿Name,Expiration Date,상태,속성,작성일시
취소 원복 기능 개발 (연동문제로 보류),,언젠가 할 일,,2022년 6월 7일 오전 9:06
가맹점무이자 할부결제 기능 실거래 테스트(연동이 안되어 보류),,언젠가 할 일,,2022년 6월 7일 오전 9:06
head-first 객체지향 방법론,,진행 중,,2022년 6월 7일 오전 9:06
영문표준창 개발패치문서 작성,,완료 🙌,,2022년 6월 7일 오전 9:06
"빌게이트(키인, 취소) 개발패치문서 작성",,완료 🙌,,2022년 6월 7일 오전 9:06
"stacktrace 지우기, 필요없는 로그 지우기 등 로그정리",,당장 할 일,,2022년 6월 7일 오전 9:06
주문번호중복 문구 변경,,당장 할 일,,2022년 6월 7일 오전 9:06
건의,,당장 할 일,,2022년 6월 7일 오전 9:06
토비의 스프링,,자기개발,,2022년 6월 7일 오전 9:06
인프런(스프링),,자기개발,,2022년 6월 7일 오전 9:06
영문약관 3번 길이문제로 third parties 단어 제거한거 전달,,완료 🙌,,2022년 6월 7일 오전 9:06
keyinData notFound (해외카드 수기결제창 연동),,해야할 일,,2022년 6월 10일 오후 12:15
"해외 인증, 비인증 인증타입이 꼭 필요할지?",,해야할 일,,2022년 6월 10일 오전 10:29
"권유,제안할 것",,해야할 일,,2022년 6월 10일 오전 10:08
ispServiceMobile return url 도메인수정,,해야할 일,,2022년 6월 9일 오전 11:24
해외카드 영문 표준창(수기) 작성,,해야할 일,,2022년 6월 8일 오후 5:56
트랜잭셔널에 대해,,해야할 일,,2022년 6월 7일 오전 9:06
봄여름가을겨울,,해야할 일,,2022년 6월 7일 오전 9:06
블루밍,,해야할 일,,2022년 6월 7일 오전 9:06
"3.3~ 학은제 컴공/ 2.28, 3.7 kmooc",,자기개발,,2022년 6월 7일 오전 9:06
영문결제창 호출,,완료 🙌,,2022년 6월 7일 오전 9:06
빌게이트 카드키인창,,완료 🙌,,2022년 6월 7일 오후 3:11
directCall setTimeout 걷어내기,,완료 🙌,,2022년 6월 7일 오전 9:06
병원다녀오기,,완료 🙌,,2022년 6월 7일 오전 9:06
6.7정기배포 목록,,완료 🙌,,2022년 6월 7일 오전 9:06
영문창 검토,,완료 🙌,,2022년 6월 7일 오전 9:06
"영문표준창 신용카드, 가상게좌 결과 파트너사 변환작업",,완료 🙌,,2022년 6월 7일 오전 9:06
"카드사 인증결과창에 카드 한, 영 값 폼에 입력해주기",,완료 🙌,,2022년 6월 7일 오전 9:06
네트워크 공부 (후니의 시스코네트워킹),,자기개발,,2022년 6월 7일 오전 9:06
오픈소스 프로젝트,,자기개발,,2022년 6월 7일 오전 9:06
,,,,2022년 6월 7일 오전 9:06