﻿Name,Expiration Date,상태,속성,작성일시
사이드프로젝트 준비,,언젠가 할 일,,2022년 8월 23일 오전 8:54
취소 원복 기능 개발 (연동문제로 보류),,언젠가 할 일,,2022년 8월 23일 오전 8:54
가맹점무이자 할부결제 기능 실거래 테스트(연동이 안되어 보류),,언젠가 할 일,,2022년 8월 23일 오전 8:54
nexus 커밋 롤백 여부 물어보기,,당장 할 일,,2022년 9월 2일 오후 5:42
9월 전공신청,,당장 할 일,,2022년 8월 23일 오전 8:54
수강신청하기,,당장 할 일,,2022년 9월 2일 오후 2:22
화 연차올리기,,완료 🙌,,2022년 8월 31일 오전 9:58
"물통, 자물쇠",,당장 할 일,,2022년 8월 30일 오후 2:36
모바일상품권 테스트,,완료 🙌,,2022년 9월 1일 오전 9:03
9.5전북 국민 매입사 업데이트,,완료 🙌,,2022년 8월 31일 오전 9:47
모바일 상품권 고려사항,,완료 🙌,,2022년 8월 23일 오전 8:54
"모바일 상품권 결제, 취소, 조회, 망취소",,완료 🙌,,2022년 8월 23일 오전 8:54
빌게이트 매입사 코드 추가,,완료 🙌,,2022년 8월 31일 오후 2:10
주간보고 작성,,완료 🙌,,2022년 8월 25일 오전 9:30
"주간업무보고에 기간, 진행상태 표기하기",,해야할 일,,2022년 9월 1일 오후 4:21
자동차보험,,해야할 일,,2022년 8월 23일 오전 8:54
빌게이트 대사 2건 http 연동,,해야할 일,,2022년 8월 23일 오전 8:54
폰바꾸기,,당장 할 일,,2022년 8월 23일 오전 8:54
목요일 배포(offpg 승인정보조회 오타),,완료 🙌,,2022년 8월 30일 오전 9:16
offpg van코드 오류 말씀드리기,,완료 🙌,,2022년 8월 25일 오후 7:56
KB국민카드 가맹점번호 추가,,완료 🙌,,2022년 8월 23일 오후 4:11
"후처리, 취소",,완료 🙌,,2022년 8월 25일 오후 8:06
응답코드 정리요청,,완료 🙌,,2022년 8월 25일 오후 8:06
"빌게이트 핸드폰 정산 aid, mid 체크",,해야할 일,,2022년 8월 23일 오전 8:54
가방빨ㄹ래,,당장 할 일,,2022년 8월 23일 오전 8:54
주문번호중복 문구 변경,,해야할 일,,2022년 8월 23일 오전 8:54
빌게이트 정산대사,,해야할 일,,2022년 8월 23일 오전 8:54
빌게이트 대사 테스트 환경 요청,,해야할 일,,2022년 8월 23일 오전 8:54
망취소 로직 확인,,완료 🙌,,2022년 8월 26일 오후 3:57
head-first 객체지향 방법론,,자기개발,,2022년 8월 23일 오전 8:54
토비의 스프링,,자기개발,,2022년 8월 23일 오전 8:54
인프런(스프링),,자기개발,,2022년 8월 23일 오전 8:54
"3.3~ 학은제 컴공/ 2.28, 3.7 kmooc",,자기개발,,2022년 8월 23일 오전 8:54
네트워크 공부 (후니의 시스코네트워킹),,자기개발,,2022년 8월 23일 오전 8:54
오픈소스 프로젝트,,자기개발,,2022년 8월 23일 오전 8:54
,,,,2022년 8월 23일 오전 8:54
다 쓴 노트,,,,2022년 8월 23일 오전 8:54