﻿Name,Expiration Date,상태,속성,작성일시
사이드프로젝트 준비,,언젠가 할 일,,2022년 11월 7일 오후 1:55
취소 원복 기능 개발 (연동문제로 보류),,언젠가 할 일,,2022년 11월 7일 오후 1:55
가맹점무이자 할부결제 기능 실거래 테스트(연동이 안되어 보류),,언젠가 할 일,,2022년 11월 7일 오후 1:55
강의보기!,,자기개발,,2022년 11월 7일 오후 1:55
stream사용,,자기개발,,2022년 11월 7일 오후 1:55
"인증서, 암호화 처리 공부해보기",,자기개발,,2022년 11월 7일 오후 1:55
릴레이서버 공부,,자기개발,,2022년 11월 7일 오후 1:55
"서버, 스프링 설정파일 공부",,자기개발,,2022년 11월 7일 오후 1:55
애플페이 테스트 결제오류,,진행 중,,2022년 11월 9일 오후 6:20
휴가일정짜기,,진행 중,,2022년 11월 9일 오후 2:20
front 현금영수증api 로직 수정,,진행 중,,2022년 11월 9일 오후 1:49
카드번호 14자리 수정,,완료 🙌,,2022년 11월 11일 오전 10:12
bill type 수정(기본값1),,완료 🙌,,2022년 11월 9일 오전 11:24
법정의무교육 수료증 업로드,,완료 🙌,,2022년 11월 9일 오후 5:15
자금세탁방지교육,,완료 🙌,,2022년 11월 7일 오후 1:55
상품권 재판매 테스트,,완료 🙌,,2022년 11월 9일 오전 11:20
xmpi 인증실패 디버깅,,완료 🙌,,2022년 11월 8일 오후 3:33
계쫘이체 응답값 체크,,당장 할 일,,2022년 11월 11일 오전 10:55
프론트 카드번호 마스킹 처리,,당장 할 일,,2022년 11월 10일 오후 4:30
23반차,,당장 할 일,,2022년 11월 10일 오전 9:19
주간보고,,당장 할 일,,2022년 11월 7일 오후 1:55
applepay 결제 망 수정,,완료 🙌,,2022년 11월 7일 오후 3:36
암호화 및 인증서 정리 및 발표,,진행 중,,2022년 11월 7일 오후 1:55
nice_rslt_cd 로직 추가http://101.202.19.175:3000/issues/989,,해야할 일,,2022년 11월 8일 오후 4:17
front icoom interface,,해야할 일,,2022년 11월 8일 오전 9:53
"amex, ?제거",,해야할 일,,2022년 11월 7일 오후 1:55
10.04 배치 코드리뷰,,해야할 일,,2022년 11월 7일 오후 1:55
빌게이트 핸드폰 정산대사 수정필요,,해야할 일,,2022년 11월 7일 오후 1:55
충전기사기,,해야할 일,,2022년 11월 7일 오후 1:55
가방빨ㄹ래,,해야할 일,,2022년 11월 7일 오후 1:55
애플페이 UI 개발,,진행 중,,2022년 11월 7일 오후 1:57
유효성체크,,진행 중,,2022년 11월 7일 오후 1:55
bld 전수테스트,,진행 중,,2022년 11월 7일 오후 1:55
notiUrl,,진행 중,,2022년 11월 7일 오후 1:55
코밴수기결제세팅,,당장 할 일,,2022년 11월 7일 오후 1:55
"frt,bld dto 리팩터링",,당장 할 일,,2022년 11월 7일 오후 1:55
ims 비밀번호,,진행 중,,2022년 11월 7일 오후 1:55
주문번호중복 문구 변경,,해야할 일,,2022년 11월 7일 오후 1:55
head-first 객체지향 방법론,,자기개발,,2022년 11월 7일 오후 1:55
토비의 스프링,,자기개발,,2022년 11월 7일 오후 1:55
인프런(스프링),,자기개발,,2022년 11월 7일 오후 1:55
네트워크 공부 (후니의 시스코네트워킹),,자기개발,,2022년 11월 7일 오후 1:55
애플페이,,자기개발,,2022년 11월 7일 오후 1:55
오픈소스 프로젝트,,자기개발,,2022년 11월 7일 오후 1:55
,,,,2022년 11월 7일 오후 1:55
tid 생성함수 수정( tid 중복생성 오류),,완료 🙌,,2022년 11월 9일 오전 10:41
applepay 디버깅,,완료 🙌,,2022년 11월 7일 오후 4:21
계좌이체 현금영수증 응답오류 수정,,완료 🙌,,2022년 11월 7일 오후 4:20
다 쓴 노트,,,,2022년 11월 7일 오후 1:55