﻿Name,Expiration Date,상태,속성,작성일시
취소 원복 기능 개발 (연동문제로 보류),,언젠가 할 일,,2022년 6월 13일 오전 8:58
가맹점무이자 할부결제 기능 실거래 테스트(연동이 안되어 보류),,언젠가 할 일,,2022년 6월 13일 오전 8:58
head-first 객체지향 방법론,,진행 중,,2022년 6월 13일 오전 8:58
"해외 인증, 비인증 인증타입이 꼭 필요할지?",,완료 🙌,,2022년 6월 13일 오전 8:58
"stacktrace 지우기, 필요없는 로그 지우기 등 로그정리",,완료 🙌,,2022년 6월 13일 오전 8:58
목요일 배포 목록,,완료 🙌,,2022년 6월 13일 오후 2:51
6.21 배포목록,,당장 할 일,,2022년 6월 17일 오전 9:36
주문번호중복 문구 변경,,당장 할 일,,2022년 6월 13일 오전 8:58
건의,,당장 할 일,,2022년 6월 13일 오전 8:58
토비의 스프링,,자기개발,,2022년 6월 13일 오전 8:58
인프런(스프링),,자기개발,,2022년 6월 13일 오전 8:58
ispServiceMobile return url 도메인수정,,당장 할 일,,2022년 6월 13일 오전 8:58
keyinData notFound (해외카드 수기결제창 연동),,당장 할 일,,2022년 6월 13일 오전 8:58
해외카드 영문 표준창(수기) 작성,,당장 할 일,,2022년 6월 13일 오전 8:58
인천청년커뮤활동지원,,해야할 일,,2022년 6월 20일 오전 9:04
"원복 bld 테스트, 배포목록에 기입",,해야할 일,,2022년 6월 13일 오전 10:34
"권유,제안할 것",,해야할 일,,2022년 6월 13일 오전 8:58
트랜잭셔널에 대해,,해야할 일,,2022년 6월 13일 오전 8:58
봄여름가을겨울,,해야할 일,,2022년 6월 13일 오전 8:58
블루밍,,해야할 일,,2022년 6월 13일 오전 8:58
"3.3~ 학은제 컴공/ 2.28, 3.7 kmooc",,자기개발,,2022년 6월 13일 오전 8:58
네트워크 공부 (후니의 시스코네트워킹),,자기개발,,2022년 6월 13일 오전 8:58
오픈소스 프로젝트,,자기개발,,2022년 6월 13일 오전 8:58
,,,,2022년 6월 13일 오전 8:58