﻿Name,Expiration Date,상태,속성,작성일시
취소 원복 기능 개발 (연동문제로 보류),,언젠가 할 일,,2022년 7월 25일 오전 9:29
가맹점무이자 할부결제 기능 실거래 테스트(연동이 안되어 보류),,언젠가 할 일,,2022년 7월 25일 오전 9:29
자금이체 로직 일부 변경 (필드 moid→tid)),,완료 🙌,,2022년 8월 2일 오전 9:28
"서브몰 tid, mid",,완료 🙌,,2022년 7월 27일 오전 8:55
자금이체 응답코드 수정,,완료 🙌,,2022년 7월 28일 오전 10:09
선곡,,당장 할 일,,2022년 7월 25일 오전 11:15
진영이 부친상,,완료 🙌,,2022년 7월 25일 오전 11:15
구인,,당장 할 일,,2022년 7월 25일 오전 11:15
"시스템 아이디어, 질문 메모하기",,완료 🙌,,2022년 7월 25일 오전 9:29
자금이체 오류 json 매핑문제? 요청 연결문제?,,완료 🙌,,2022년 7월 25일 오전 11:04
서브몰 등록 오류,,완료 🙌,,2022년 7월 26일 오전 9:06
은련창 팝업 차단 감지,,완료 🙌,,2022년 7월 25일 오전 9:29
폰바꾸기,,해야할 일,,2022년 7월 25일 오전 9:29
프론트 금액 자리수 제한,,진행 중,,2022년 8월 2일 오전 10:01
자동차보험,,진행 중,,2022년 7월 25일 오전 9:29
빌게이트 휴대폰 거래대사,,진행 중,,2022년 7월 25일 오전 9:29
학은제 강좌신청,,진행 중,,2022년 7월 25일 오전 9:29
head-first 객체지향 방법론,,자기개발,,2022년 7월 25일 오전 9:29
주문번호중복 문구 변경,,당장 할 일,,2022년 7월 25일 오전 9:29
토비의 스프링,,자기개발,,2022년 7월 25일 오전 9:29
인프런(스프링),,자기개발,,2022년 7월 25일 오전 9:29
봄여름가을겨울,,해야할 일,,2022년 7월 25일 오전 9:29
블루밍,,해야할 일,,2022년 7월 25일 오전 9:29
"3.3~ 학은제 컴공/ 2.28, 3.7 kmooc",,자기개발,,2022년 7월 25일 오전 9:29
네트워크 공부 (후니의 시스코네트워킹),,자기개발,,2022년 7월 25일 오전 9:29
오픈소스 프로젝트,,자기개발,,2022년 7월 25일 오전 9:29
,,,,2022년 7월 25일 오전 9:29