﻿Name,Expiration Date,상태,속성,작성일시
사이드프로젝트 준비,,언젠가 할 일,,2022년 12월 5일 오전 9:23
취소 원복 기능 개발 (연동문제로 보류),,언젠가 할 일,,2022년 12월 5일 오전 9:23
가맹점무이자 할부결제 기능 실거래 테스트(연동이 안되어 보류),,언젠가 할 일,,2022년 12월 5일 오전 9:23
강의보기!,,자기개발,,2022년 12월 5일 오전 9:23
stream사용,,자기개발,,2022년 12월 5일 오전 9:23
"인증서, 암호화 처리 공부해보기",,자기개발,,2022년 12월 5일 오전 9:23
릴레이서버 공부,,자기개발,,2022년 12월 5일 오전 9:23
"서버, 스프링 설정파일 공부",,자기개발,,2022년 12월 5일 오전 9:23
jenkins setting 공부..,,해야할 일,,2022년 12월 5일 오전 9:23
kstnet 개발 통일 확인 (offpg),,해야할 일,,2022년 12월 5일 오전 9:23
amt api 분석,,진행 중,,2022년 12월 8일 오후 2:02
약관 api 체크,,진행 중,,2022년 12월 8일 오후 2:02
주간보고,,당장 할 일,,2022년 12월 5일 오전 9:23
영중소 승인 시 일반가맹점 구분 안하는것,,완료 🙌,,2022년 12월 9일 오후 2:07
모바일상품권 로직 수정(망취소) 테스트 필요,,완료 🙌,,2022년 12월 5일 오전 9:23
애플페이 가이드작성,,완료 🙌,,2022년 12월 6일 오후 5:24
모두 ~/12개발,,완료 🙌,,2022년 12월 5일 오전 9:26
모바일상품권 운영배포 필요,,진행 중,,2022년 12월 7일 오후 2:09
지원서 작성하기,,진행 중,,2022년 12월 5일 오전 9:23
애플페이 UI 개발,,완료 🙌,,2022년 12월 5일 오전 9:23
빌링 ordEmail 2개 들어온 로그 확인,,진행 중,,2022년 12월 5일 오전 9:23
유효성체크,,진행 중,,2022년 12월 5일 오전 9:23
ims 비밀번호,,진행 중,,2022년 12월 5일 오전 9:23
휴가일정짜기,,진행 중,,2022년 12월 5일 오전 9:23
계쫘이체 응답값 체크,,당장 할 일,,2022년 12월 5일 오전 9:23
프론트 카드번호 마스킹 처리,,당장 할 일,,2022년 12월 5일 오전 9:23
front icoom interface,,해야할 일,,2022년 12월 5일 오전 9:23
10.04 배치 코드리뷰,,해야할 일,,2022년 12월 5일 오전 9:23
빌게이트 핸드폰 정산대사 수정필요,,해야할 일,,2022년 12월 5일 오전 9:23
가방빨ㄹ래,,해야할 일,,2022년 12월 5일 오전 9:23
코밴수기결제세팅,,당장 할 일,,2022년 12월 5일 오전 9:23
"frt,bld dto 리팩터링",,당장 할 일,,2022년 12월 5일 오전 9:23
주문번호중복 문구 변경,,해야할 일,,2022년 12월 5일 오전 9:23
head-first 객체지향 방법론,,자기개발,,2022년 12월 5일 오전 9:23
토비의 스프링,,자기개발,,2022년 12월 5일 오전 9:23
인프런(스프링),,자기개발,,2022년 12월 5일 오전 9:23
네트워크 공부 (후니의 시스코네트워킹),,자기개발,,2022년 12월 5일 오전 9:23
애플페이,,자기개발,,2022년 12월 5일 오전 9:23
오픈소스 프로젝트,,자기개발,,2022년 12월 5일 오전 9:23
,,,,2022년 12월 5일 오전 9:23
다 쓴 노트,,,,2022년 12월 5일 오전 9:23
,,,,2022년 12월 5일 오전 9:23