﻿Name,Expiration Date,상태,속성,작성일시
사이드프로젝트 준비,,언젠가 할 일,,2022년 12월 26일 오후 3:11
취소 원복 기능 개발 (연동문제로 보류),,언젠가 할 일,,2022년 12월 26일 오후 3:11
가맹점무이자 할부결제 기능 실거래 테스트(연동이 안되어 보류),,언젠가 할 일,,2022년 12월 26일 오후 3:11
강의보기!,,자기개발,,2022년 12월 26일 오후 3:11
stream사용,,자기개발,,2022년 12월 26일 오후 3:11
릴레이서버 공부,,자기개발,,2022년 12월 26일 오후 3:11
jenkins setting 공부..,,해야할 일,,2022년 12월 26일 오후 3:11
kstnet 개발 통일 확인 (offpg),,해야할 일,,2022년 12월 26일 오후 3:11
선물사기,,당장 할 일,,2022년 12월 26일 오후 3:11
주간보고,,당장 할 일,,2022년 12월 26일 오후 3:11
noti type 추가 (json),,완료 🙌,,2022년 12월 26일 오후 3:11
channel(접속타입) 누락 처리,,완료 🙌,,2022년 12월 26일 오후 3:11
mid 영중소 사용 시 일반결제 가능하도록 수정,,완료 🙌,,2022년 12월 26일 오후 3:11
수기결제 카유생 추가,,완료 🙌,,2022년 12월 26일 오후 3:11
모바일 상품권 응답로그 추가,,완료 🙌,,2022년 12월 26일 오후 3:11
지원서 작성하기,,완료 🙌,,2022년 12월 26일 오후 3:11
빌링 ordEmail 2개 들어온 로그 확인,,진행 중,,2022년 12월 26일 오후 3:11
유효성체크,,진행 중,,2022년 12월 26일 오후 3:11
ims 비밀번호,,진행 중,,2022년 12월 26일 오후 3:11
휴가일정짜기,,진행 중,,2022년 12월 26일 오후 3:11
계쫘이체 응답값 체크,,당장 할 일,,2022년 12월 26일 오후 3:11
프론트 카드번호 마스킹 처리,,당장 할 일,,2022년 12월 26일 오후 3:11
front icoom interface,,해야할 일,,2022년 12월 26일 오후 3:11
10.04 배치 코드리뷰,,해야할 일,,2022년 12월 26일 오후 3:11
빌게이트 핸드폰 정산대사 수정필요,,해야할 일,,2022년 12월 26일 오후 3:11
가방빨ㄹ래,,해야할 일,,2022년 12월 26일 오후 3:11
코밴수기결제세팅,,당장 할 일,,2022년 12월 26일 오후 3:11
"frt,bld dto 리팩터링",,당장 할 일,,2022년 12월 26일 오후 3:11
주문번호중복 문구 변경,,해야할 일,,2022년 12월 26일 오후 3:11
head-first 객체지향 방법론,,자기개발,,2022년 12월 26일 오후 3:11
토비의 스프링,,자기개발,,2022년 12월 26일 오후 3:11
인프런(스프링),,자기개발,,2022년 12월 26일 오후 3:11
네트워크 공부 (후니의 시스코네트워킹),,자기개발,,2022년 12월 26일 오후 3:11
애플페이,,자기개발,,2022년 12월 26일 오후 3:11
오픈소스 프로젝트,,자기개발,,2022년 12월 26일 오후 3:11
,,,,2022년 12월 26일 오후 3:11
,,,,2022년 12월 26일 오후 3:11
다 쓴 노트,,,,2022년 12월 26일 오후 3:11