﻿Name,Expiration Date,상태,속성,작성일시
"보안, 암호공부",,자기개발,,2022년 3월 7일 오전 9:07
취소 원복 기능 개발 (연동문제로 보류),,언젠가 할 일,,2022년 3월 7일 오전 9:07
가맹점무이자 할부결제 기능 실거래 테스트(연동이 안되어 보류),,언젠가 할 일,,2022년 3월 7일 오전 9:07
이발,,해야할 일,,2022년 3월 24일 오후 12:19
옷 환불,,해야할 일,,2022년 3월 10일 오전 8:02
한도상향,,완료 🙌,,2022년 3월 10일 오전 7:47
엑셀 jsxl 표현식으로 해보기,,해야할 일,,2022년 3월 7일 오전 9:07
신발 발품,,해야할 일,,2022년 3월 7일 오전 9:07
주간보고 작성,,해야할 일,,2022년 3월 7일 오전 9:07
tbcs_notice dttm 변경으로 인한 수정작업,,완료 🙌,,2022년 3월 11일 오후 2:32
"가상계좌 2:고정식, 3:벌크식 방식 바뀜",,완료 🙌,,2022년 3월 11일 오후 5:55
mms 셀러등록 중복 에러,,완료 🙌,,2022년 3월 11일 오전 9:02
"가상계좌 할당 취소 시 금액, 계좌번호 받는 로직 제거하기",,완료 🙌,,2022년 3월 7일 오후 4:44
directCall 사용 시 표준 창 안보이게,,완료 🙌,,2022년 3월 7일 오후 4:45
근로장려금 신청,,완료 🙌,,2022년 3월 8일 오후 1:11
lmtDay default 가맹점 할당 값으로 변경하기,,완료 🙌,,2022년 3월 7일 오후 5:34
가상계좌 취소할 때 pool에 업데이트 반영,,진행 중,,2022년 3월 11일 오후 6:06
"가상계좌발급,변경 API",,진행 중,,2022년 3월 7일 오전 9:07
mms 성명조회 버튼 동작안함 해결,,완료 🙌,,2022년 3월 8일 오전 9:52
stream 공부하기,,진행 중,,2022년 3월 7일 오전 9:07
flutter 2주차,,당장 할 일,,2022년 3월 7일 오전 9:07
습관 정리해보기,,당장 할 일,,2022년 3월 7일 오전 9:07
엑셀 날짜서식 변경,,해야할 일,,2022년 3월 7일 오전 9:07
영문결제창 호출,,진행 중,,2022년 3월 7일 오전 9:07
2.27 플루터 스터디 시작,,진행 중,,2022년 3월 7일 오전 9:07
"3.3~ 학은제 컴공/ 2.28, 3.7 kmooc",,진행 중,,2022년 3월 7일 오전 9:07
건의,,해야할 일,,2022년 3월 7일 오전 9:07
1타3피 체육쿠폰 사용2/11~3/11,,해야할 일,,2022년 3월 7일 오전 9:07
백신3차,,해야할 일,,2022년 3월 7일 오전 9:07
렌즈 올리기,,언젠가 할 일,,2022년 3월 7일 오전 9:07
하고 싶은 일,,진행 중,,2022년 3월 7일 오전 9:07
세틀뱅크 연동,,그 외,,2022년 3월 7일 오전 9:07
인프런(스프링),,진행 중,,2022년 3월 7일 오전 9:07
네트워크 공부 (후니의 시스코네트워킹),,자기개발,,2022년 3월 7일 오전 9:07
토비의 스프링,,자기개발,,2022년 3월 7일 오전 9:07
코틀린,,자기개발,,2022년 3월 7일 오전 9:07
,,,,2022년 3월 7일 오전 9:07