﻿Name,Expiration Date,상태,속성,작성일시
"보안, 암호공부",,자기개발,,2022년 3월 21일 오후 1:32
취소 원복 기능 개발 (연동문제로 보류),,언젠가 할 일,,2022년 3월 21일 오후 1:32
가맹점무이자 할부결제 기능 실거래 테스트(연동이 안되어 보류),,언젠가 할 일,,2022년 3월 21일 오후 1:32
현금영수증 조회 API 옮길지 물어보기,,진행 중,,2022년 3월 25일 오후 5:37
가상게좌 벌크 무반납,,진행 중,,2022년 3월 22일 오후 4:25
주간보고 작성,,완료 🙌,,2022년 3월 21일 오후 1:32
현금영수증 API FRONT로 변경,,완료 🙌,,2022년 3월 22일 오전 10:04
은련 프로세스 정리,,진행 중,,2022년 3월 21일 오후 1:32
UPOP 연동 건,,진행 중,,2022년 3월 21일 오후 1:32
"현금영수증 예외처리 문구, 로직 변경",,완료 🙌,,2022년 3월 24일 오후 12:02
"DB VACT_ISS_TYPE 주석 수정
TBTR_VACNT
TBTR_VACNT_POOL
TBSI_MBS",,완료 🙌,,2022년 3월 21일 오후 1:32
현금영수증 실패 이유 찾기,,완료 🙌,,2022년 3월 21일 오후 1:45
flutter 3주차,,진행 중,,2022년 3월 21일 오후 1:32
키오스크 연동 프론트 개발 건,,진행 중,,2022년 3월 21일 오후 1:32
"플라톤, 변명 서평 3.27까지",,완료 🙌,,2022년 3월 21일 오후 1:32
고찰 및 자료 정리하고 포스팅하기,,해야할 일,,2022년 3월 28일 오전 10:56
IMS 계좌발급타입 추가 (4:무반납 금액미체크),,당장 할 일,,2022년 3월 25일 오후 4:35
엑셀 jsxl 표현식으로 해보기,,완료 🙌,,2022년 3월 21일 오후 1:32
프론트 로깅 줄이랑 stack 띄우기,,해야할 일,,2022년 3월 24일 오전 11:45
엑셀 날짜서식 변경,,해야할 일,,2022년 3월 21일 오후 1:32
신발 발품,,해야할 일,,2022년 3월 21일 오후 1:32
셀러등록 API 진행중 (지급내역에 따른 삭제처리),,완료 🙌,,2022년 3월 21일 오후 1:32
영문결제창 호출,,진행 중,,2022년 3월 21일 오후 1:32
하고 싶은 일,,진행 중,,2022년 3월 21일 오후 1:32
2.27 플루터 스터디 시작,,진행 중,,2022년 3월 21일 오후 1:32
stream 공부하기,,진행 중,,2022년 3월 21일 오후 1:32
"3.3~ 학은제 컴공/ 2.28, 3.7 kmooc",,진행 중,,2022년 3월 21일 오후 1:32
건의,,해야할 일,,2022년 3월 21일 오후 1:32
백신3차,,완료 🙌,,2022년 3월 21일 오후 1:32
렌즈 올리기,,언젠가 할 일,,2022년 3월 21일 오후 1:32
세틀뱅크 연동,,그 외,,2022년 3월 21일 오후 1:32
인프런(스프링),,진행 중,,2022년 3월 21일 오후 1:32
네트워크 공부 (후니의 시스코네트워킹),,자기개발,,2022년 3월 21일 오후 1:32
토비의 스프링,,자기개발,,2022년 3월 21일 오후 1:32
코틀린,,자기개발,,2022년 3월 21일 오후 1:32
,,,,2022년 3월 21일 오후 1:32