﻿Name,Expiration Date,상태,속성,작성일시
사이드프로젝트 준비,,언젠가 할 일,,2022년 10월 11일 오전 9:11
취소 원복 기능 개발 (연동문제로 보류),,언젠가 할 일,,2022년 10월 11일 오전 9:11
가맹점무이자 할부결제 기능 실거래 테스트(연동이 안되어 보류),,언젠가 할 일,,2022년 10월 11일 오전 9:11
충전기사기,,해야할 일,,2022년 10월 11일 오전 9:11
폰배터리 교체,,해야할 일,,2022년 10월 11일 오전 9:11
가방빨ㄹ래,,해야할 일,,2022년 10월 11일 오전 9:11
IMS 카드번호 로그 제거,,완료 🙌,,2022년 10월 11일 오후 5:40
애플페이,,진행 중,,2022년 10월 12일 오후 5:01
"productName추가, 국민카드 분기는 동시 배포 예정(권고사항이라 급하지 않음)",,진행 중,,2022년 10월 11일 오전 9:11
모바일 상품권 사용유무 필드 추가,,진행 중,,2022년 10월 11일 오전 9:11
10.04 배치 코드리뷰,,진행 중,,2022년 10월 11일 오전 9:11
"frt,bld dto 리팩터링",,진행 중,,2022년 10월 11일 오전 9:11
"front,bld 로그 정리(아스펙트제이)",,진행 중,,2022년 10월 11일 오전 9:11
front 마스킹처리 → 제거처리,,완료 🙌,,2022년 10월 12일 오후 5:00
bld 취소요청 null 체크 로직 추가,,완료 🙌,,2022년 10월 12일 오후 5:00
모바일 상품권 로그 수정,,완료 🙌,,2022년 10월 12일 오후 5:00
생일선물,,완료 🙌,,2022년 10월 11일 오전 9:11
옷정리,,완료 🙌,,2022년 10월 11일 오전 9:11
쇼핑,,완료 🙌,,2022년 10월 11일 오전 9:11
일월 여행,,완료 🙌,,2022년 10월 11일 오전 9:11
"국민카드 ISP, MPI 분기",,당장 할 일,,2022년 10월 11일 오전 9:11
빌게이트 핸드폰 정산대사 수정필요,,당장 할 일,,2022년 10월 11일 오전 9:11
stream사용,,진행 중,,2022년 10월 11일 오전 9:11
강의보기!,,진행 중,,2022년 10월 11일 오전 9:11
ims 비밀번호,,진행 중,,2022년 10월 11일 오전 9:11
자동차보험,,완료 🙌,,2022년 10월 11일 오전 9:11
주문번호중복 문구 변경,,해야할 일,,2022년 10월 11일 오전 9:11
head-first 객체지향 방법론,,자기개발,,2022년 10월 11일 오전 9:11
토비의 스프링,,자기개발,,2022년 10월 11일 오전 9:11
인프런(스프링),,자기개발,,2022년 10월 11일 오전 9:11
네트워크 공부 (후니의 시스코네트워킹),,자기개발,,2022년 10월 11일 오전 9:11
오픈소스 프로젝트,,자기개발,,2022년 10월 11일 오전 9:11
,,,,2022년 10월 11일 오전 9:11
다 쓴 노트,,,,2022년 10월 11일 오전 9:11