﻿Name,Expiration Date,상태,속성,작성일시
취소 원복 기능 개발 (연동문제로 보류),,언젠가 할 일,,2022년 8월 1일 오전 9:09
가맹점무이자 할부결제 기능 실거래 테스트(연동이 안되어 보류),,언젠가 할 일,,2022년 8월 1일 오전 9:09
OffPG 중복에러 확인,,완료 🙌,,2022년 8월 3일 오전 9:00
주간업무보고 작성,,완료 🙌,,2022년 8월 4일 오전 9:07
빌게이트 휴대폰 거래대사,,완료 🙌,,2022년 8월 1일 오전 9:09
금액 length 10 처리,,완료 🙌,,2022년 8월 1일 오후 5:50
빌게이트 대사 트랜잭션 처리 분석,,완료 🙌,,2022년 8월 1일 오후 5:55
이메일 유효성검사,,완료 🙌,,2022년 8월 3일 오후 3:29
배포할 목록,,진행 중,,2022년 8월 4일 오후 4:57
지원금 확인,,진행 중,,2022년 8월 1일 오전 10:18
구인,,진행 중,,2022년 8월 1일 오전 9:09
쇼핑,,해야할 일,,2022년 8월 5일 오전 8:51
폰바꾸기,,해야할 일,,2022년 8월 1일 오전 9:09
연수 (8.14일),,진행 중,,2022년 8월 1일 오전 9:10
자동차보험,,진행 중,,2022년 8월 1일 오전 9:09
학은제 강좌신청,,진행 중,,2022년 8월 1일 오전 9:09
head-first 객체지향 방법론,,자기개발,,2022년 8월 1일 오전 9:09
빌게이트 키인 부분취소,,당장 할 일,,2022년 8월 4일 오후 5:02
빌게이트 정산대사,,당장 할 일,,2022년 8월 4일 오후 5:02
주문번호중복 문구 변경,,당장 할 일,,2022년 8월 1일 오전 9:09
토비의 스프링,,자기개발,,2022년 8월 1일 오전 9:09
인프런(스프링),,자기개발,,2022년 8월 1일 오전 9:09
봄여름가을겨울,,해야할 일,,2022년 8월 1일 오전 9:09
블루밍,,해야할 일,,2022년 8월 1일 오전 9:09
"3.3~ 학은제 컴공/ 2.28, 3.7 kmooc",,자기개발,,2022년 8월 1일 오전 9:09
네트워크 공부 (후니의 시스코네트워킹),,자기개발,,2022년 8월 1일 오전 9:09
오픈소스 프로젝트,,자기개발,,2022년 8월 1일 오전 9:09
,,,,2022년 8월 1일 오전 9:09
다 쓴 노트,,,,2021년 6월 30일 오후 9:34