﻿Name,Expiration Date,상태,속성,작성일시
head-first 객체지향 방법론,,자기개발,,2022년 4월 19일 오후 3:50
"보안, 암호공부",,자기개발,,2022년 4월 18일 오전 8:58
취소 원복 기능 개발 (연동문제로 보류),,언젠가 할 일,,2022년 4월 18일 오전 8:58
가맹점무이자 할부결제 기능 실거래 테스트(연동이 안되어 보류),,언젠가 할 일,,2022년 4월 18일 오전 8:58
"resttemplate, requestbody, responsebody, multivaluemap 정리",,완료 🙌,,2022년 4월 18일 오전 8:58
flutter key에 대해 알아보기,,완료 🙌,,2022년 4월 21일 오후 10:31
카카오톡 프로필조회,,완료 🙌,,2022년 4월 23일 오전 11:48
cafe24SSL연장,,완료 🙌,,2022년 4월 21일 오후 4:01
"upop 취소, 승인 문서 나이스페이 거랑 비교해보기",,완료 🙌,,2022년 4월 19일 오후 5:07
5.2 연차 ㄱㄱ,,완료 🙌,,2022년 4월 18일 오후 1:24
가죽보호제,,당장 할 일,,2022년 4월 18일 오전 8:58
화요일 점심식사 메뉴,,당장 할 일,,2022년 4월 21일 오후 12:40
페이스토리 구글 서치콘솔 등록 건의,,당장 할 일,,2022년 4월 20일 오전 9:36
카카오페이 bld개발,,진행 중,,2022년 4월 18일 오전 8:58
5.1 데카르트 성찰 서평,,진행 중,,2022년 4월 20일 오후 9:13
26일 오후 12시까지 중간고사 끝내기,,진행 중,,2022년 4월 25일 오전 12:15
코틀린으로 플레이페어 암호화 만들어보기,,진행 중,,2022년 4월 25일 오전 12:08
stream 공부하기,,진행 중,,2022년 4월 18일 오전 8:58
인프런(스프링),,진행 중,,2022년 4월 18일 오전 8:58
UPOP 연동 건,,완료 🙌,,2022년 4월 18일 오전 8:58
directCall setTimeout 걷어내기,,해야할 일,,2022년 4월 18일 오전 8:58
"3.3~ 학은제 컴공/ 2.28, 3.7 kmooc",,진행 중,,2022년 4월 18일 오전 8:58
건의,,해야할 일,,2022년 4월 18일 오전 8:58
영문결제창 호출,,해야할 일,,2022년 4월 18일 오전 8:58
은련 프로세스 정리,,완료 🙌,,2022년 4월 18일 오전 8:58
렌즈 올리기,,언젠가 할 일,,2022년 4월 18일 오전 8:58
세틀뱅크 연동,,그 외,,2022년 4월 18일 오전 8:58
네트워크 공부 (후니의 시스코네트워킹),,그 외,,2022년 4월 18일 오전 8:58
토비의 스프링,,자기개발,,2022년 4월 18일 오전 8:58
코틀린,,완료 🙌,,2022년 4월 18일 오전 8:58
,,,,2022년 4월 18일 오전 8:58