﻿Name,Expiration Date,상태,속성,작성일시
취소 원복 기능 개발 (연동문제로 보류),,언젠가 할 일,,2022년 5월 30일 오전 9:07
가맹점무이자 할부결제 기능 실거래 테스트(연동이 안되어 보류),,언젠가 할 일,,2022년 5월 30일 오전 9:07
영문표준창 개발패치문서 작성,,당장 할 일,,2022년 6월 3일 오전 11:57
"빌게이트(키인, 취소) 개발패치문서 작성",,당장 할 일,,2022년 5월 30일 오후 6:05
영문창 작업,,완료 🙌,,2022년 5월 30일 오전 9:07
운영 배포 후 폴라리스 농협 결제 테스트,,완료 🙌,,2022년 5월 30일 오후 5:59
결제프로세스 로깅,,당장 할 일,,2022년 5월 30일 오전 11:36
주문번호중복 문구 변경,,당장 할 일,,2022년 5월 30일 오전 9:07
건의,,당장 할 일,,2022년 5월 30일 오전 9:07
xmpi 카드번호 누락 수정,,완료 🙌,,2022년 5월 30일 오후 4:34
xmpi 연동,,완료 🙌,,2022년 5월 30일 오후 4:34
빌게이트 스테이징 유지할건지 문의,,완료 🙌,,2022년 5월 30일 오전 9:07
망취소 로그는 안쌓는데 불일치?,,완료 🙌,,2022년 5월 30일 오전 9:07
빌게이트 예외 발생 시 처리,,완료 🙌,,2022년 5월 30일 오전 10:50
알콜솜으로 닦기,,완료 🙌,,2022년 5월 30일 오후 12:00
가상계좌 입금 tbus 중복키 처리,,완료 🙌,,2022년 5월 30일 오전 10:50
코밴 결제카드번호 누락 수정하기,,완료 🙌,,2022년 5월 30일 오후 3:59
토비의 스프링,,자기개발,,2022년 5월 30일 오전 9:07
"카드사 인증결과창에 카드 한, 영 값 폼에 입력해주기",,진행 중,,2022년 6월 3일 오후 6:06
"영문표준창 신용카드, 가상게좌 결과 파트너사 변환작업",,진행 중,,2022년 6월 2일 오후 6:12
6.7정기배포 목록,,진행 중,,2022년 6월 2일 오후 1:31
영문창 검토,,진행 중,,2022년 6월 2일 오전 11:11
head-first 객체지향 방법론,,진행 중,,2022년 5월 30일 오전 9:07
인프런(스프링),,자기개발,,2022년 5월 30일 오전 9:07
"stacktrace 지우기, 필요없는 로그 지우기 등 로그정리",,해야할 일,,2022년 5월 30일 오전 9:07
영문약관 3번 길이문제로 third parties 단어 제거한거 전달,,해야할 일,,2022년 5월 30일 오전 9:07
트랜잭셔널에 대해,,해야할 일,,2022년 5월 30일 오전 9:07
봄여름가을겨울,,해야할 일,,2022년 5월 30일 오전 9:07
블루밍,,해야할 일,,2022년 5월 30일 오전 9:07
directCall setTimeout 걷어내기,,해야할 일,,2022년 5월 30일 오전 9:07
"3.3~ 학은제 컴공/ 2.28, 3.7 kmooc",,자기개발,,2022년 5월 30일 오전 9:07
영문결제창 호출,,해야할 일,,2022년 5월 30일 오전 9:07
네트워크 공부 (후니의 시스코네트워킹),,자기개발,,2022년 5월 30일 오전 9:07
오픈소스 프로젝트,,자기개발,,2022년 5월 30일 오전 9:07
,,,,2022년 5월 30일 오전 9:07