﻿Name,Expiration Date,상태,속성,작성일시
"보안, 암호공부",,자기개발,,2022년 2월 14일 오전 10:31
취소 원복 기능 개발 (연동문제로 보류),,언젠가 할 일,,2022년 2월 14일 오전 10:31
가맹점무이자 할부결제 기능 실거래 테스트(연동이 안되어 보류),,언젠가 할 일,,2022년 2월 14일 오전 10:31
승민이 인편,,해야할 일,,2022년 2월 18일 오전 9:08
결제 최저금액 수정,,해야할 일,,2022년 2월 14일 오전 10:31
엑셀 날짜서식 변경,,해야할 일,,2022년 2월 18일 오전 10:22
독학사 수험표 출력 2.24,,해야할 일,,2022년 2월 14일 오전 10:31
2.27 플루터 스터디 시작,,해야할 일,,2022년 2월 14일 오전 10:31
독학사 시험일 2/27,,해야할 일,,2022년 2월 14일 오전 10:31
3.3~ 학은제 컴공,,해야할 일,,2022년 2월 14일 오전 10:31
19(토) 11:30 예약,,완료 🙌,,2022년 2월 15일 오전 10:03
25(금) 연차,,완료 🙌,,2022년 2월 15일 오전 9:35
빌링결제,,완료 🙌,,2022년 2월 14일 오전 10:31
front→bld 필수값 체크 (보류),,완료 🙌,,2022년 2월 14일 오전 11:16
"필기구, 노트 5개",,완료 🙌,,2022년 2월 14일 오전 11:31
ptn_cpid 확인,,완료 🙌,,2022년 2월 14일 오전 10:45
엔당어닝 16일,,완료 🙌,,2022년 2월 14일 오전 10:31
건의,,해야할 일,,2022년 2월 14일 오전 10:31
1타3피 체육쿠폰 사용2/11~3/11,,해야할 일,,2022년 2월 14일 오전 10:31
백신3차,,해야할 일,,2022년 2월 14일 오전 10:31
렌즈 올리기,,언젠가 할 일,,2022년 2월 14일 오전 10:31
2.14 학은제 교양 2과목(kmooc),,당장 할 일,,2022년 2월 14일 오전 10:31
front request 에러 잡기,,완료 🙌,,2022년 2월 14일 오전 10:32
엑셀 양식 변경,,완료 🙌,,2022년 2월 14일 오전 10:32
하고 싶은 일,,진행 중,,2022년 2월 14일 오전 10:31
세틀뱅크 연동,,그 외,,2022년 2월 14일 오전 10:31
인프런(스프링),,진행 중,,2022년 2월 14일 오전 10:31
네트워크 공부 (후니의 시스코네트워킹),,자기개발,,2022년 2월 14일 오전 10:31
토비의 스프링,,자기개발,,2022년 2월 14일 오전 10:31
코틀린,,자기개발,,2022년 2월 14일 오전 10:31
,,,,2022년 2월 14일 오전 10:31