﻿Name,Expiration Date,상태,속성,작성일시
"보안, 암호공부",,자기개발,,2022년 2월 28일 오전 9:17
취소 원복 기능 개발 (연동문제로 보류),,언젠가 할 일,,2022년 2월 28일 오전 9:17
가맹점무이자 할부결제 기능 실거래 테스트(연동이 안되어 보류),,언젠가 할 일,,2022년 2월 28일 오전 9:17
엑셀 jsxl 표현식으로 해보기,,해야할 일,,2022년 3월 5일 오후 10:20
신발 발품,,해야할 일,,2022년 3월 3일 오전 9:15
주간보고 작성,,해야할 일,,2022년 2월 28일 오전 9:19
"가상계좌발급,변경 API",,진행 중,,2022년 3월 4일 오전 11:59
stream 공부하기,,진행 중,,2022년 2월 28일 오전 9:17
습관 정리해보기,,당장 할 일,,2022년 3월 1일 오후 11:31
flutter 1주차,,당장 할 일,,2022년 3월 5일 오후 9:04
결제 최저금액 수정,,완료 🙌,,2022년 2월 28일 오전 9:17
엑셀 날짜서식 변경,,해야할 일,,2022년 2월 28일 오전 9:17
영문결제창 호출,,진행 중,,2022년 3월 3일 오전 9:15
2.27 플루터 스터디 시작,,진행 중,,2022년 2월 28일 오전 9:17
"3.3~ 학은제 컴공/ 2.28, 3.7 kmooc",,진행 중,,2022년 2월 28일 오전 9:17
건의,,해야할 일,,2022년 2월 28일 오전 9:17
1타3피 체육쿠폰 사용2/11~3/11,,해야할 일,,2022년 2월 28일 오전 9:17
백신3차,,해야할 일,,2022년 2월 28일 오전 9:17
렌즈 올리기,,언젠가 할 일,,2022년 2월 28일 오전 9:17
하고 싶은 일,,진행 중,,2022년 2월 28일 오전 9:17
세틀뱅크 연동,,그 외,,2022년 2월 28일 오전 9:17
인프런(스프링),,진행 중,,2022년 2월 28일 오전 9:17
네트워크 공부 (후니의 시스코네트워킹),,자기개발,,2022년 2월 28일 오전 9:17
토비의 스프링,,자기개발,,2022년 2월 28일 오전 9:17
코틀린,,자기개발,,2022년 2월 28일 오전 9:17
,,,,2022년 2월 28일 오전 9:17