﻿Name,Expiration Date,상태,속성,작성일시
"보안, 암호공부",,자기개발,,2022년 2월 7일 오전 9:15
취소 원복 기능 개발 (연동문제로 보류),,언젠가 할 일,,2022년 2월 7일 오전 9:15
가맹점무이자 할부결제 기능 실거래 테스트(연동이 안되어 보류),,언젠가 할 일,,2022년 2월 7일 오전 9:15
독학사 수험표 출력 2.18~,,해야할 일,,2022년 2월 7일 오전 9:15
2.27 플루터 스터디 시작,,해야할 일,,2022년 2월 12일 오후 11:17
3.3~ 학은제 컴공,,해야할 일,,2022년 2월 12일 오후 11:13
엔당어닝 16일,,해야할 일,,2022년 2월 9일 오전 10:35
빌링결제,,해야할 일,,2022년 2월 9일 오후 1:59
빌링결제 분석,,완료 🙌,,2022년 2월 9일 오후 1:59
스케일링 12일 09:30,,완료 🙌,,2022년 2월 9일 오전 9:58
학은제 신청,,완료 🙌,,2022년 2월 9일 오후 2:19
학은제 정산,,완료 🙌,,2022년 2월 9일 오후 2:57
플루터 미션,,완료 🙌,,2022년 2월 11일 오전 9:13
주간업무보고 작성,,완료 🙌,,2022년 2월 7일 오전 9:15
주간보고 작성 시 IMS → BLD 성명조회로 옮긴 내용 작성하기,,완료 🙌,,2022년 2월 8일 오전 10:52
백신설치,,완료 🙌,,2022년 2월 9일 오후 1:59
가상계좌 입금 환불 100원,,완료 🙌,,2022년 2월 8일 오후 4:52
성명조회 API 이력생성 BLD로 이동,,완료 🙌,,2022년 2월 8일 오후 4:25
가상계좌 결제 시 결제기관누락 버그,,완료 🙌,,2022년 2월 8일 오전 9:57
독학사 준비(인강신청),,완료 🙌,,2022년 2월 7일 오전 9:15
건의,,해야할 일,,2022년 2월 7일 오전 9:15
1타3피 체육쿠폰 사용2/11~3/11,,해야할 일,,2022년 2월 7일 오전 9:15
독학사 시험일 2/27,,해야할 일,,2022년 2월 7일 오전 9:15
백신3차,,해야할 일,,2022년 2월 7일 오전 9:15
렌즈 올리기,,언젠가 할 일,,2022년 2월 7일 오전 9:15
성명조회 API  IMS → BLD 이동,,완료 🙌,,2022년 2월 7일 오전 9:15
2.14 학은제 교양 2과목(kmooc),,당장 할 일,,2022년 2월 12일 오후 11:13
결제 최저금액 수정,,당장 할 일,,2022년 2월 7일 오전 9:15
하고 싶은 일,,진행 중,,2022년 2월 7일 오전 9:15
세틀뱅크 연동,,그 외,,2022년 2월 7일 오전 9:15
인프런(스프링),,진행 중,,2022년 2월 7일 오전 9:15
네트워크 공부 (후니의 시스코네트워킹),,자기개발,,2022년 2월 7일 오전 9:15
토비의 스프링,,자기개발,,2022년 2월 7일 오전 9:15
코틀린,,자기개발,,2022년 2월 7일 오전 9:15
,,,,2022년 2월 7일 오전 9:15