﻿Name,Expiration Date,상태,속성,작성일시
사이드프로젝트 준비,,언젠가 할 일,,2022년 11월 28일 오전 8:02
취소 원복 기능 개발 (연동문제로 보류),,언젠가 할 일,,2022년 11월 28일 오전 8:02
가맹점무이자 할부결제 기능 실거래 테스트(연동이 안되어 보류),,언젠가 할 일,,2022년 11월 28일 오전 8:02
강의보기!,,자기개발,,2022년 11월 28일 오전 8:02
stream사용,,자기개발,,2022년 11월 28일 오전 8:02
"인증서, 암호화 처리 공부해보기",,자기개발,,2022년 11월 28일 오전 8:02
릴레이서버 공부,,자기개발,,2022년 11월 28일 오전 8:02
"서버, 스프링 설정파일 공부",,자기개발,,2022년 11월 28일 오전 8:02
kstnet 개발 통일 확인 (offpg),,해야할 일,,2022년 11월 28일 오전 8:02
애플페이 UI 개발,,진행 중,,2022년 11월 28일 오전 8:02
빌링 ordEmail 2개 들어온 로그 확인,,진행 중,,2022년 11월 28일 오전 8:02
주간보고 작성하기,,완료 🙌,,2022년 11월 28일 오전 8:02
bld필드 오타수정 (autocanflg),,완료 🙌,,2022년 11월 28일 오전 8:02
가상계좌 currency Type null,,완료 🙌,,2022년 11월 28일 오전 8:02
notiUrl,,완료 🙌,,2022년 11월 28일 오전 8:02
applepay fail returnUrl,,완료 🙌,,2022년 11월 28일 오전 8:02
유효성체크,,진행 중,,2022년 11월 28일 오전 8:02
휴가일정짜기,,진행 중,,2022년 11월 28일 오전 8:02
변경작업계획서,,완료 🙌,,2022년 11월 28일 오전 8:02
코나카드 설계,,당장 할 일,,2022년 11월 28일 오전 8:02
지원서 작성하기,,당장 할 일,,2022년 11월 28일 오전 8:02
계쫘이체 응답값 체크,,당장 할 일,,2022년 11월 28일 오전 8:02
프론트 카드번호 마스킹 처리,,당장 할 일,,2022년 11월 28일 오전 8:02
nice_rslt_cd 로직 추가http://101.202.19.175:3000/issues/989,,완료 🙌,,2022년 11월 28일 오전 8:02
23반차,,완료 🙌,,2022년 11월 28일 오전 8:02
front icoom interface,,해야할 일,,2022년 11월 28일 오전 8:02
10.04 배치 코드리뷰,,해야할 일,,2022년 11월 28일 오전 8:02
빌게이트 핸드폰 정산대사 수정필요,,해야할 일,,2022년 11월 28일 오전 8:02
충전기사기,,완료 🙌,,2022년 11월 28일 오전 8:02
가방빨ㄹ래,,해야할 일,,2022년 11월 28일 오전 8:02
코밴수기결제세팅,,당장 할 일,,2022년 11월 28일 오전 8:02
"frt,bld dto 리팩터링",,당장 할 일,,2022년 11월 28일 오전 8:02
ims 비밀번호,,진행 중,,2022년 11월 28일 오전 8:02
주문번호중복 문구 변경,,해야할 일,,2022년 11월 28일 오전 8:02
head-first 객체지향 방법론,,자기개발,,2022년 11월 28일 오전 8:02
토비의 스프링,,자기개발,,2022년 11월 28일 오전 8:02
인프런(스프링),,자기개발,,2022년 11월 28일 오전 8:02
네트워크 공부 (후니의 시스코네트워킹),,자기개발,,2022년 11월 28일 오전 8:02
애플페이,,자기개발,,2022년 11월 28일 오전 8:02
오픈소스 프로젝트,,자기개발,,2022년 11월 28일 오전 8:02
,,,,2022년 11월 28일 오전 8:02
다 쓴 노트,,,,2022년 11월 28일 오전 8:02