﻿Name,Expiration Date,상태,속성,작성일시
사이드프로젝트 준비,,언젠가 할 일,,2022년 9월 13일 오후 4:25
취소 원복 기능 개발 (연동문제로 보류),,언젠가 할 일,,2022년 9월 13일 오후 4:25
가맹점무이자 할부결제 기능 실거래 테스트(연동이 안되어 보류),,언젠가 할 일,,2022년 9월 13일 오후 4:25
"물통, 자물쇠",,완료 🙌,,2022년 9월 13일 오후 4:25
수강신청하기,,완료 🙌,,2022년 9월 13일 오후 4:25
캐시 자동 업데이트,,해야할 일,,2022년 9월 13일 오후 5:55
폰바꾸기,,해야할 일,,2022년 9월 13일 오후 4:25
가방빨ㄹ래,,해야할 일,,2022년 9월 13일 오후 4:25
빌게이트 핸드폰 정산대사 수정필요,,진행 중,,2022년 9월 13일 오후 4:25
모바일상품권 work테이블로만 대사하기 (망취소 케이스 배제),,진행 중,,2022년 9월 16일 오후 5:08
질문할 것,,진행 중,,2022년 9월 14일 오후 2:32
stream사용,,진행 중,,2022년 9월 14일 오후 1:21
upop 인증창 호출 개발,,진행 중,,2022년 9월 13일 오후 4:25
강의보기!,,진행 중,,2022년 9월 13일 오후 4:25
문화상품권 일대사,,당장 할 일,,2022년 9월 13일 오후 4:25
"productName추가, 국민카드 분기는 동시 배포 예정(권고사항이라 급하지 않음)",,당장 할 일,,2022년 9월 13일 오후 4:25
"국민카드 ISP, MPI 분기",,당장 할 일,,2022년 9월 13일 오후 4:25
ims 비밀번호,,진행 중,,2022년 9월 13일 오후 4:25
자동차보험,,해야할 일,,2022년 9월 13일 오후 4:25
주문번호중복 문구 변경,,해야할 일,,2022년 9월 13일 오후 4:25
빌게이트 대사 테스트 환경 요청,,완료 🙌,,2022년 9월 13일 오후 4:25
head-first 객체지향 방법론,,자기개발,,2022년 9월 13일 오후 4:25
토비의 스프링,,자기개발,,2022년 9월 13일 오후 4:25
인프런(스프링),,자기개발,,2022년 9월 13일 오후 4:25
"3.3~ 학은제 컴공/ 2.28, 3.7 kmooc",,자기개발,,2022년 9월 13일 오후 4:25
네트워크 공부 (후니의 시스코네트워킹),,자기개발,,2022년 9월 13일 오후 4:25
오픈소스 프로젝트,,자기개발,,2022년 9월 13일 오후 4:25
,,,,2022년 9월 13일 오후 4:25
다 쓴 노트,,,,2022년 9월 13일 오후 4:25