﻿Name,Expiration Date,상태,속성,작성일시
"보안, 암호공부",,자기개발,,2022년 2월 21일 오전 8:55
취소 원복 기능 개발 (연동문제로 보류),,언젠가 할 일,,2022년 2월 21일 오전 8:55
가맹점무이자 할부결제 기능 실거래 테스트(연동이 안되어 보류),,언젠가 할 일,,2022년 2월 21일 오전 8:55
stream 공부하기,,해야할 일,,2022년 2월 22일 오후 1:58
독학사 시험일 2/27,,완료 🙌,,2022년 2월 21일 오전 8:55
승민이 인편,,완료 🙌,,2022년 2월 21일 오전 8:55
결제 최저금액 수정,,해야할 일,,2022년 2월 21일 오전 8:55
엑셀 날짜서식 변경,,해야할 일,,2022년 2월 21일 오전 8:55
독학사 수험표 출력 2.24,,완료 🙌,,2022년 2월 21일 오전 8:55
매입결과 합계 폼 만들기,,완료 🙌,,2022년 2월 22일 오후 5:56
휴대폰 취소 시 계좌 성명 조회 (당월이 아닌경우),,완료 🙌,,2022년 2월 21일 오후 5:54
"ims, mms 핸드폰 취소 (당월 아닌 경우)계좌번호 폼 확인하기",,완료 🙌,,2022년 2월 21일 오후 6:08
2.27 플루터 스터디 시작,,해야할 일,,2022년 2월 21일 오전 8:55
"3.3~ 학은제 컴공/ 2.28, 3.7 kmooc",,해야할 일,,2022년 2월 21일 오전 8:55
건의,,해야할 일,,2022년 2월 21일 오전 8:55
1타3피 체육쿠폰 사용2/11~3/11,,해야할 일,,2022년 2월 21일 오전 8:55
백신3차,,해야할 일,,2022년 2월 21일 오전 8:55
렌즈 올리기,,언젠가 할 일,,2022년 2월 21일 오전 8:55
2.14 학은제 교양 2과목(kmooc),,완료 🙌,,2022년 2월 21일 오전 8:55
매입결과 조회화면 나이스페이 거래건,,완료 🙌,,2022년 2월 21일 오전 8:56
"컴싸,볼펜",,진행 중,,2022년 2월 24일 오전 9:05
하고 싶은 일,,진행 중,,2022년 2월 21일 오전 8:55
세틀뱅크 연동,,그 외,,2022년 2월 21일 오전 8:55
인프런(스프링),,진행 중,,2022년 2월 21일 오전 8:55
네트워크 공부 (후니의 시스코네트워킹),,자기개발,,2022년 2월 21일 오전 8:55
토비의 스프링,,자기개발,,2022년 2월 21일 오전 8:55
코틀린,,자기개발,,2022년 2월 21일 오전 8:55
,,,,2022년 2월 21일 오전 8:55