﻿Name,Expiration Date,상태,속성,작성일시
취소 원복 기능 개발 (연동문제로 보류),,언젠가 할 일,,2022년 5월 23일 오전 8:54
가맹점무이자 할부결제 기능 실거래 테스트(연동이 안되어 보류),,언젠가 할 일,,2022년 5월 23일 오전 8:54
"빌게이트 수기결제, 취소 연동 (누락필드 체크)",,완료 🙌,,2022년 5월 23일 오전 8:54
Notisend http응답코드 201 예외,,완료 🙌,,2022년 5월 24일 오전 9:39
코틀린 공부하기,,완료 🙌,,2022년 5월 23일 오전 8:54
모바일 결제창 버튼 2번 눌려지는 현상 방지,,완료 🙌,,2022년 5월 24일 오전 9:39
주문번호중복 문구 변경,,당장 할 일,,2022년 5월 26일 오후 3:55
건의,,당장 할 일,,2022년 5월 23일 오전 8:54
망취소 로그는 안쌓는데 불일치?,,진행 중,,2022년 5월 27일 오전 10:35
빌게이트 스테이징 유지할건지 문의,,진행 중,,2022년 5월 27일 오전 9:04
영문창 작업,,진행 중,,2022년 5월 23일 오전 8:54
토비의 스프링,,자기개발,,2022년 5월 23일 오전 8:54
head-first 객체지향 방법론,,진행 중,,2022년 5월 23일 오전 8:54
인프런(스프링),,자기개발,,2022년 5월 23일 오전 8:54
"stacktrace 지우기, 필요없는 로그 지우기 등 로그정리",,해야할 일,,2022년 5월 24일 오후 1:17
영문약관 3번 길이문제로 third parties 단어 제거한거 전달,,해야할 일,,2022년 5월 23일 오전 8:54
트랜잭셔널에 대해,,해야할 일,,2022년 5월 23일 오전 8:54
봄여름가을겨울,,해야할 일,,2022년 5월 23일 오전 8:54
블루밍,,해야할 일,,2022년 5월 23일 오전 8:54
directCall setTimeout 걷어내기,,해야할 일,,2022년 5월 23일 오전 8:54
"3.3~ 학은제 컴공/ 2.28, 3.7 kmooc",,자기개발,,2022년 5월 23일 오전 8:54
영문결제창 호출,,해야할 일,,2022년 5월 23일 오전 8:54
네트워크 공부 (후니의 시스코네트워킹),,자기개발,,2022년 5월 23일 오전 8:54
오픈소스 프로젝트,,자기개발,,2022년 5월 23일 오전 8:54
,,,,2022년 5월 23일 오전 8:54
Upop 코밴연동 설계 및 분석,,당장 할 일,,2022년 5월 23일 오전 8:54