﻿Name,Expiration Date,상태,속성,작성일시
취소 원복 기능 개발 (연동문제로 보류),,언젠가 할 일,,2022년 6월 27일 오전 9:07
가맹점무이자 할부결제 기능 실거래 테스트(연동이 안되어 보류),,언젠가 할 일,,2022년 6월 27일 오전 9:07
currencyType 공통인자 확인,,완료 🙌,,2022년 7월 1일 오후 4:06
트랜잭셔널에 대해,,완료 🙌,,2022년 6월 27일 오전 9:07
다날 취소시 핸드폰결제 처리성공 메시지 옴,,진행 중,,2022년 6월 30일 오후 2:05
"빌게이트 핸드폰 결제,취소,부분취소 연동",,진행 중,,2022년 6월 30일 오전 9:41
"학위, 학점 신청 ~7.15",,진행 중,,2022년 6월 27일 오전 9:07
head-first 객체지향 방법론,,자기개발,,2022년 6월 27일 오전 9:07
주문번호중복 문구 변경,,당장 할 일,,2022년 6월 27일 오전 9:07
건의,,당장 할 일,,2022년 6월 27일 오전 9:07
토비의 스프링,,자기개발,,2022년 6월 27일 오전 9:07
인프런(스프링),,자기개발,,2022년 6월 27일 오전 9:07
옷신발바지,,해야할 일,,2022년 6월 30일 오전 9:08
주간업무공유 문서 작성,,완료 🙌,,2022년 6월 29일 오전 10:54
가상계좌 소보법 CURRENCY_TYPE 누락 수정,,완료 🙌,,2022년 6월 30일 오후 3:12
6.28 배포목록,,완료 🙌,,2022년 6월 27일 오전 9:07
금액에 공백 삽입 시 통화코드 미일치 오류 발생,,완료 🙌,,2022년 6월 30일 오전 10:12
"원하는 것, 고쳤으면 하는 것",,완료 🙌,,2022년 6월 27일 오전 9:07
"minor, foreign 코드만 올라올 시 더보기 없애고 바로 노출시키기",,해야할 일,,2022년 6월 29일 오전 10:52
봄여름가을겨울,,해야할 일,,2022년 6월 27일 오전 9:07
블루밍,,해야할 일,,2022년 6월 27일 오전 9:07
"3.3~ 학은제 컴공/ 2.28, 3.7 kmooc",,자기개발,,2022년 6월 27일 오전 9:07
네트워크 공부 (후니의 시스코네트워킹),,자기개발,,2022년 6월 27일 오전 9:07
오픈소스 프로젝트,,자기개발,,2022년 6월 27일 오전 9:07
,,,,2022년 6월 27일 오전 9:07