﻿Name,Expiration Date,상태,속성,작성일시
"보안, 암호공부",,자기개발,,2022년 3월 14일 오전 9:06
취소 원복 기능 개발 (연동문제로 보류),,언젠가 할 일,,2022년 3월 14일 오전 9:06
가맹점무이자 할부결제 기능 실거래 테스트(연동이 안되어 보류),,언젠가 할 일,,2022년 3월 14일 오전 9:06
flutter 2주차,,완료 🙌,,2022년 3월 14일 오전 9:06
psdemo004m mms 수기결제 모바일결제 에러,,완료 🙌,,2022년 3월 15일 오후 5:33
습관 정리해보기,,완료 🙌,,2022년 3월 14일 오전 9:06
옷 환불,,완료 🙌,,2022년 3월 14일 오전 9:06
"가상계좌발급,변경 API",,완료 🙌,,2022년 3월 14일 오전 9:06
"bld 부가세 try,catch ",,완료 🙌,,2022년 3월 15일 오전 9:52
UPOP 연동 건,,해야할 일,,2022년 3월 17일 오전 10:10
키오스크 연동 프론트 개발 건,,진행 중,,2022년 3월 17일 오전 9:35
"플라톤, 변명 서평 3.27까지",,해야할 일,,2022년 3월 14일 오후 9:46
주간보고 작성,,당장 할 일,,2022년 3월 14일 오전 9:06
"DB VACT_ISS_TYPE 주석 수정
TBTR_VACNT
TBTR_VACNT_POOL
TBSI_MBS",,당장 할 일,,2022년 3월 14일 오후 5:21
엑셀 jsxl 표현식으로 해보기,,해야할 일,,2022년 3월 14일 오전 9:06
엑셀 날짜서식 변경,,해야할 일,,2022년 3월 14일 오전 9:06
신발 발품,,해야할 일,,2022년 3월 14일 오전 9:06
가상계좌 취소할 때 pool에 업데이트 반영,,완료 🙌,,2022년 3월 14일 오전 9:06
pool 조회 시 mid추가하기,,완료 🙌,,2022년 3월 14일 오전 10:01
셀러등록 API 진행중 (지급내역에 따른 삭제처리),,진행 중,,2022년 3월 18일 오후 6:09
은련 프로세스 정리,,진행 중,,2022년 3월 16일 오후 5:40
영문결제창 호출,,진행 중,,2022년 3월 14일 오전 9:06
하고 싶은 일,,진행 중,,2022년 3월 14일 오전 9:06
2.27 플루터 스터디 시작,,진행 중,,2022년 3월 14일 오전 9:06
stream 공부하기,,진행 중,,2022년 3월 14일 오전 9:06
"3.3~ 학은제 컴공/ 2.28, 3.7 kmooc",,진행 중,,2022년 3월 14일 오전 9:06
건의,,해야할 일,,2022년 3월 14일 오전 9:06
백신3차,,해야할 일,,2022년 3월 14일 오전 9:06
렌즈 올리기,,언젠가 할 일,,2022년 3월 14일 오전 9:06
세틀뱅크 연동,,그 외,,2022년 3월 14일 오전 9:06
인프런(스프링),,진행 중,,2022년 3월 14일 오전 9:06
네트워크 공부 (후니의 시스코네트워킹),,자기개발,,2022년 3월 14일 오전 9:06
토비의 스프링,,자기개발,,2022년 3월 14일 오전 9:06
코틀린,,자기개발,,2022년 3월 14일 오전 9:06
,,,,2022년 3월 14일 오전 9:06