﻿Name,Expiration Date,상태,속성,작성일시
"보안, 암호공부",,자기개발,,2021년 12월 13일 오전 9:38
취소 원복 기능 개발 (연동문제로 보류),,언젠가 할 일,,2021년 12월 13일 오전 9:38
가맹점무이자 할부결제 기능 실거래 테스트(연동이 안되어 보류),,언젠가 할 일,,2021년 12월 13일 오전 9:38
집 PC 공인 IP 알아오기,,완료 🙌,,2021년 12월 17일 오전 9:31
ordNo 취소 기능 개발,,완료 🙌,,2021년 12월 13일 오전 11:15
"결제장애시 로그, 결과창 리턴인자 확인해보기",,완료 🙌,,2021년 12월 16일 오전 11:08
bld log 찍기 → transaction → class,,완료 🙌,,2021년 12월 16일 오후 2:10
"#176, #177 GID 사업자 상호명 추가 및 반영",,완료 🙌,,2021년 12월 16일 오후 4:20
#163 나이스 거래대사 excel 자료 수정 요청,,완료 🙌,,2021년 12월 16일 오전 9:06
#170 MMS/TID 팝업 노출 위치 상이 건,,완료 🙌,,2021년 12월 16일 오전 9:06
#173 가맹점 ID관리 조회기준 추가 요청,,완료 🙌,,2021년 12월 15일 오후 1:52
주문번호 중복가능 가맹점의 경우 ordNo취소 요청 못하게 예외처리,,진행 중,,2021년 12월 17일 오후 3:12
"빌링결제 샘플 가이드 검토, 숙지, 수정사항 확인",,진행 중,,2021년 12월 16일 오전 11:08
"12/22 ISP, VISA3D, 카드결제 프로세스 조사 및 토론",,진행 중,,2021년 12월 16일 오전 9:07
렌즈 올리기,,해야할 일,,2021년 12월 13일 오전 9:38
주간업무보고 작성하기,,해야할 일,,2021년 12월 13일 오전 9:38
12.12 네관2급 실기시험,,완료 🙌,,2021년 12월 13일 오전 9:38
법정 의무교육 시청하기,,완료 🙌,,2021년 12월 13일 오후 5:18
#170 MMS 결제 내역 팝업 필드 위치 변경,,완료 🙌,,2021년 12월 15일 오후 1:52
#165 매입결과 합계 계산식 변경 요청,,완료 🙌,,2021년 12월 14일 오후 5:16
#163 나이스 거래대사 excel 자료 수정요청 건,,완료 🙌,,2021년 12월 14일 오후 5:15
키바나 서버 시간 필터 만들기,,완료 🙌,,2021년 12월 13일 오후 3:08
#158 건별이력 조회화면 총 건수 미반영 수정 요청,,완료 🙌,,2021년 12월 13일 오후 3:40
#152 대리점 영업대행 수수료 지급안내 메일 일부 수정 요청 건,,완료 🙌,,2021년 12월 13일 오전 9:46
#154 휴대폰 결제 진행 시 마지막 결과 값 확인,,완료 🙌,,2021년 12월 13일 오전 9:46
하고 싶은 일,,진행 중,,2021년 12월 13일 오전 9:38
세틀뱅크 연동,,그 외,,2021년 12월 13일 오전 9:38
인프런(스프링),,진행 중,,2021년 12월 13일 오전 9:38
8.30~ 시간제강의,,진행 중,,2021년 12월 13일 오전 9:38
네트워크 공부 (후니의 시스코네트워킹),,자기개발,,2021년 12월 13일 오전 9:38
토비의 스프링,,자기개발,,2021년 12월 13일 오전 9:38
코틀린,,자기개발,,2021년 12월 13일 오전 9:38
,,,,2021년 12월 13일 오전 9:38