﻿Name,Expiration Date,상태,속성,작성일시
"보안, 암호공부",,자기개발,,2021년 9월 10일 오전 9:28
"칸아카데미 삼각법, 벡터공간, 미적분학",,진행 중,,2021년 9월 10일 오전 9:28
카드사 비교부분 retainAll(교집합) 함수로 수정해보기,,해야할 일,,2021년 9월 10일 오전 9:28
현금영수증 변경 분석,,해야할 일,,2021년 9월 10일 오전 9:28
현금영수증 취소 분석,,해야할 일,,2021년 9월 10일 오전 9:28
9.8내일채움공제신청,,완료 🙌,,2021년 9월 10일 오전 9:28
php 7 2.응용 (SQL연동 및 고급),,완료 🙌,,2021년 9월 10일 오전 9:28
php 7 1.이론다지기,,완료 🙌,,2021년 9월 10일 오전 9:28
"현금영수증 발행, 취소 API",,진행 중,,2021년 9월 10일 오전 9:28
세틀뱅크 연동,,해야할 일,,2021년 9월 10일 오전 9:28
파이썬 프로젝트,,진행 중,,2021년 9월 10일 오전 9:28
결제완료창 컨트롤,,진행 중,,2021년 9월 10일 오전 9:28
8.30~ 시간제강의,,진행 중,,2021년 9월 10일 오전 9:28
FRONT개발,,진행 중,,2021년 9월 10일 오전 9:28
네트워크 공부 (후니의 시스코네트워킹),,자기개발,,2021년 9월 10일 오전 9:28
토비의 스프링,,자기개발,,2021년 9월 10일 오전 9:28
코드스쿼드(자바 플레이그라운드) 완강,,자기개발,,2021년 9월 10일 오전 9:28
이것이 우분투 리눅스다,,진행 중,,2021년 9월 10일 오전 9:28
IT인프라구조 1회독,,진행 중,,2021년 9월 10일 오전 9:28
코틀린,,자기개발,,2021년 9월 10일 오전 9:28
파이썬 강의,,자기개발,,2021년 9월 10일 오전 9:28
학습자등록 10월,,해야할 일,,2021년 9월 10일 오전 9:28
네트워크 관리사 필기 10월19일~22일,,해야할 일,,2021년 9월 10일 오전 9:28