﻿Name,Expiration Date,상태,속성,작성일시
"보안, 암호공부",,자기개발,,2021년 11월 8일 오전 9:11
링크호출 검토받기,,완료 🙌,,2021년 11월 9일 오후 1:05
메일 수신 테스트 해보기,,완료 🙌,,2021년 11월 12일 오전 10:57
문구 사기(서류집),,완료 🙌,,2021년 11월 12일 오전 10:47
수험서 프린트 하기,,완료 🙌,,2021년 11월 12일 오전 9:23
gitlab 이슈 (503),,완료 🙌,,2021년 11월 12일 오전 10:41
주간업무보고 작성하기,,완료 🙌,,2021년 11월 8일 오전 9:11
입금자명 = 구매자명 이슈,,완료 🙌,,2021년 11월 9일 오후 4:39
호출 API에 로그 삽입 로직 작성하기,,완료 🙌,,2021년 11월 8일 오후 5:09
거래조회 이슈 (가상계좌),,완료 🙌,,2021년 11월 10일 오전 9:07
"enc 버그 (망별, 테이블별로 데이터 만들어보기) 방화벽 이슈로 보류",,진행 중,,2021년 11월 10일 오전 9:59
추가개발)거래 부분취소 후 현금영수증 발급 -보류,,진행 중,,2021년 11월 8일 오전 9:11
하고 싶은 일,,진행 중,,2021년 11월 8일 오전 9:51
11.14 네관2급,,진행 중,,2021년 11월 8일 오전 9:11
월간업무보고 작성하기,,해야할 일,,2021년 11월 10일 오후 5:53
현금영수증 이후 빌링 개발,,해야할 일,,2021년 11월 8일 오전 9:11
링크호출 개발문서 작성,,완료 🙌,,2021년 11월 9일 오후 1:05
링크호출 단위테스트,,완료 🙌,,2021년 11월 9일 오후 1:04
현금영수증 링크 호출,,완료 🙌,,2021년 11월 8일 오전 9:11
레드마인 숙지,,완료 🙌,,2021년 11월 8일 오전 9:11
세틀뱅크 연동,,그 외,,2021년 11월 8일 오전 9:11
인프런(스프링),,진행 중,,2021년 11월 8일 오전 9:11
8.30~ 시간제강의,,진행 중,,2021년 11월 8일 오전 9:11
네트워크 공부 (후니의 시스코네트워킹),,자기개발,,2021년 11월 8일 오전 9:11
토비의 스프링,,자기개발,,2021년 11월 8일 오전 9:11
코틀린,,자기개발,,2021년 11월 8일 오전 9:11
,,,,2021년 11월 8일 오전 9:11
"식사, 쇼핑",,당장 할 일,,2021년 11월 8일 오전 9:11