﻿Name,Expiration Date,상태,속성,작성일시
"보안, 암호공부",,자기개발,,2021년 9월 23일 오전 11:11
"칸아카데미 삼각법, 벡터공간, 미적분학",,진행 중,,2021년 9월 23일 오전 11:11
현금영수증 API 개발 이후,,해야할 일,,2021년 9월 23일 오전 11:11
"스티커 붙이기
모니터: 왼쪽 위
본체: 오른쪽 위
노트북: 오른쪽 위",,완료 🙌,,2021년 9월 23일 오전 11:11
결제완료창 컨트롤,,완료 🙌,,2021년 9월 23일 오전 11:11
카드사 비교부분 retainAll(교집합) 함수로 수정해보기,,완료 🙌,,2021년 9월 23일 오전 11:11
현금영수증 변경 분석,,해야할 일,,2021년 9월 23일 오전 11:11
현금영수증 취소 분석,,해야할 일,,2021년 9월 23일 오전 11:11
"현금영수증 발행, 취소 API",,진행 중,,2021년 9월 23일 오전 11:11
세틀뱅크 연동,,해야할 일,,2021년 9월 23일 오전 11:11
라벨링기 구매,,완료 🙌,,2021년 9월 23일 오전 11:11
파이썬 프로젝트,,완료 🙌,,2021년 9월 23일 오전 11:11
8.30~ 시간제강의,,진행 중,,2021년 9월 23일 오전 11:11
FRONT개발,,진행 중,,2021년 9월 23일 오전 11:11
네트워크 공부 (후니의 시스코네트워킹),,자기개발,,2021년 9월 23일 오전 11:11
토비의 스프링,,자기개발,,2021년 9월 23일 오전 11:11
코드스쿼드(자바 플레이그라운드) 완강,,자기개발,,2021년 9월 23일 오전 11:11
이것이 우분투 리눅스다,,진행 중,,2021년 9월 23일 오전 11:11
IT인프라구조 1회독,,진행 중,,2021년 9월 23일 오전 11:11
코틀린,,자기개발,,2021년 9월 23일 오전 11:11
파이썬 강의,,자기개발,,2021년 9월 23일 오전 11:11
학습자등록 10월,,해야할 일,,2021년 9월 23일 오전 11:11
네트워크 관리사 필기 10월19일~22일,,해야할 일,,2021년 9월 23일 오전 11:11