﻿Name,Expiration Date,상태,속성,작성일시
네트워크 공부 (후니의 시스코네트워킹),,자기개발,,2021년 7월 19일 오전 10:59
토비의 스프링,,자기개발,,2021년 7월 19일 오전 8:09
코드스쿼드(자바 플레이그라운드) 완강,,자기개발,,2021년 7월 19일 오전 8:09
rest ful api,,자기개발,,2021년 7월 19일 오전 8:09
코틀린,,자기개발,,2021년 7월 19일 오전 8:09
파이썬 강의,,자기개발,,2021년 7월 19일 오전 8:09
정규식 공부하기,,자기개발,,2021년 7월 19일 오전 8:09
교재 정독,,자기개발,,2021년 7월 19일 오전 8:09
디버깅모드 공부,,자기개발,,2021년 7월 19일 오전 8:09
알고리즘,,자기개발,,2021년 7월 19일 오전 8:09
"아스키아트 만들기
아스키아트 비디오 만들기",,자기개발,,2021년 7월 19일 오전 8:09
"ims 로그분석 (매입,입금,정산)",,진행 중,,2021년 7월 21일 오후 3:29
김영한 HTTP끝내기,,진행 중,,2021년 7월 19일 오전 8:10
"PPT 3주차 (Spring&BOOT, MVC, MyBatis)",,완료 🙌,,2021년 7월 19일 오전 8:09
코스터,,해야할 일,,2021년 7월 19일 오전 8:09
방향제 갖고오기,,해야할 일,,2021년 7월 19일 오전 8:09
결제수단 만들기,,그 외,,2021년 7월 19일 오전 8:09
PPT4주차 (http에 대해),,해야할 일,,2021년 7월 19일 오전 8:09
[비대면]Spring 프레임워크를 활용한 Back-End 프로그래밍 [기업수요맞춤형-무료] 고용보험 X 보류,2021년 7월 8일 → 2021년 7월 9일,그 외,,2021년 7월 19일 오전 8:09
[비대면]Spring Boot 활용 [컨소시엄-무료] 고용보험 X 보류,2021년 7월 15일 → 2021년 7월 16일,그 외,,2021년 7월 19일 오전 8:09
,,,,2021년 7월 26일 오전 8:09