﻿Name,Expiration Date,상태,속성,작성일시
"보안, 암호공부",,자기개발,,2021년 12월 27일 오후 5:21
취소 원복 기능 개발 (연동문제로 보류),,언젠가 할 일,,2021년 12월 27일 오후 5:21
가맹점무이자 할부결제 기능 실거래 테스트(연동이 안되어 보류),,언젠가 할 일,,2021년 12월 27일 오후 5:21
#205 사업자번호 오등록 건 수정,,완료 🙌,,2021년 12월 31일 오후 2:49
연차 서류 작성 및 전달,,완료 🙌,,2021년 12월 30일 오후 5:41
front 테스트 페이지 작성,,완료 🙌,,2021년 12월 31일 오전 11:01
#198 1차PG 입금보고서 필드명 변경 및 매입건수 수정 요청,,완료 🙌,,2021년 12월 30일 오후 4:15
"#197 매입결과 VAN필드, 검색필터 추가",,완료 🙌,,2021년 12월 30일 오후 4:14
#200 AID 휴대폰 환불권한 해제,,완료 🙌,,2021년 12월 30일 오후 4:14
#190 신용카드 매입검증 VAN사별 생성내역 나이스페이 반영 요청 건,,완료 🙌,,2021년 12월 30일 오후 4:11
결제창 문의 연락처 문구 변경,,완료 🙌,,2021년 12월 30일 오전 10:17
#168 MMS AID 취소권한 해제,,완료 🙌,,2021년 12월 30일 오전 9:51
월간업무보고(화요일까지),,완료 🙌,,2021년 12월 27일 오후 5:21
#168 MMS 결제취소 권한 제외 요청,,완료 🙌,,2021년 12월 27일 오후 5:21
"12/22 ISP, VISA3D, 카드결제 프로세스 조사 및 토론",,완료 🙌,,2021년 12월 27일 오후 5:21
1차PG 입금보고서 필드명 변경 및 매입건수 수정 요청 건 매입건수 오차 해결하기 12/02 나이스페이 비인증 카 유 4건 → 2건,,진행 중,,2021년 12월 31일 오후 2:48
"빌링결제 샘플 가이드 검토, 숙지, 수정사항 확인",,진행 중,,2021년 12월 27일 오후 5:21
렌즈 올리기,,해야할 일,,2021년 12월 27일 오후 5:21
주간업무보고 작성하기,,해야할 일,,2021년 12월 27일 오후 5:21
하고 싶은 일,,진행 중,,2021년 12월 27일 오후 5:21
세틀뱅크 연동,,그 외,,2021년 12월 27일 오후 5:21
인프런(스프링),,진행 중,,2021년 12월 27일 오후 5:21
네트워크 공부 (후니의 시스코네트워킹),,자기개발,,2021년 12월 27일 오후 5:21
토비의 스프링,,자기개발,,2021년 12월 27일 오후 5:21
코틀린,,자기개발,,2021년 12월 27일 오후 5:21
,,,,2021년 12월 27일 오후 5:21