﻿Name,Expiration Date,상태,속성,작성일시
"보안, 암호공부",,자기개발,,2021년 11월 22일 오후 3:33
"도메인 변경 이슈 체크
pay-story → minglepay",,완료 🙌,,2021년 11월 26일 오전 11:02
현금영수증 이후 빌링 개발-보류,,완료 🙌,,2021년 11월 22일 오후 3:33
월간업무보고 작성하기,,완료 🙌,,2021년 11월 22일 오후 3:33
"카드사 조회 운영계 배포, 테스트",,완료 🙌,,2021년 11월 22일 오후 5:17
카드사 선택조회 개발 문서 작성,,완료 🙌,,2021년 11월 22일 오후 5:17
기능결함 #67 거래대사 엑셀합계출력,,완료 🙌,,2021년 11월 22일 오후 3:34
할부 프로세스 분석(BLD로 넘기기 까지),,진행 중,,2021년 11월 24일 오후 4:11
렌즈 올리기,,진행 중,,2021년 11월 26일 오전 9:41
케이블작업도구 구매하기,,완료 🙌,,2021년 11월 22일 오후 3:33
인공눈물 티어클린,,당장 할 일,,2021년 11월 23일 오전 10:17
하고 싶은 일,,진행 중,,2021년 11월 22일 오후 3:33
12.12 네관2급 실기시험,,해야할 일,,2021년 11월 22일 오후 3:33
세틀뱅크 연동,,그 외,,2021년 11월 22일 오후 3:33
인프런(스프링),,진행 중,,2021년 11월 22일 오후 3:33
8.30~ 시간제강의,,진행 중,,2021년 11월 22일 오후 3:33
네트워크 공부 (후니의 시스코네트워킹),,자기개발,,2021년 11월 22일 오후 3:33
토비의 스프링,,자기개발,,2021년 11월 22일 오후 3:33
코틀린,,자기개발,,2021년 11월 22일 오후 3:33
,,,,2021년 11월 22일 오후 3:33