﻿Name,Expiration Date,상태,속성,작성일시
토비의 스프링,,자기개발,,2021년 7월 12일 오후 2:30
코드스쿼드(자바 플레이그라운드) 완강,,자기개발,,2021년 7월 12일 오후 2:30
rest ful api,,자기개발,,2021년 7월 12일 오후 2:30
코틀린,,자기개발,,2021년 7월 12일 오후 2:30
파이썬 강의,,자기개발,,2021년 7월 12일 오후 2:30
정규식 공부하기,,자기개발,,2021년 7월 12일 오후 2:30
교재 정독,,자기개발,,2021년 7월 12일 오후 2:30
디버깅모드 공부,,자기개발,,2021년 7월 12일 오후 2:30
알고리즘,,자기개발,,2021년 7월 12일 오후 2:30
"아스키아트 만들기
아스키아트 비디오 만들기",,자기개발,,2021년 7월 12일 오후 2:30
김영한 기본편 끝내기,,완료 🙌,,2021년 7월 12일 오후 2:30
깃 인증방식 변경,,완료 🙌,,2021년 7월 14일 오후 6:33
청년사업대상자가 무엇인지 물어보기,,완료 🙌,,2021년 7월 14일 오후 1:20
법정의무교육 7/16까지,,완료 🙌,,2021년 7월 12일 오후 2:30
수료증 전송하기 (파일 반출 승인),,완료 🙌,,2021년 7월 13일 오전 10:37
PPT준비 (DB join + git전략) 13일 화요일까지,,완료 🙌,,2021년 7월 12일 오후 2:30
"PPT 3주차 (Spring&BOOT, MVC, MyBatis)",,해야할 일,,2021년 7월 13일 오전 10:12
코스터,,해야할 일,,2021년 7월 12일 오후 2:30
방향제 갖고오기,,해야할 일,,2021년 7월 12일 오후 2:30
결제수단 만들기,,그 외,,2021년 7월 12일 오후 2:30
PPT4주차 (http에 대해),,해야할 일,,2021년 7월 13일 오후 2:05
[비대면]Spring 프레임워크를 활용한 Back-End 프로그래밍 [기업수요맞춤형-무료] 고용보험 X 보류,2021년 7월 8일 → 2021년 7월 9일,그 외,,2021년 7월 12일 오후 2:30
[비대면]Spring Boot 활용 [컨소시엄-무료] 고용보험 X 보류,2021년 7월 15일 → 2021년 7월 16일,그 외,,2021년 7월 12일 오후 2:30
,,,,2021년 7월 12일 오후 2:30
,,,,2021년 7월 12일 오후 2:30
,,,,2021년 7월 16일 오전 8:49