﻿Name,Expiration Date,상태,속성,작성일시
"보안, 암호공부",,자기개발,,2021년 10월 25일 오전 9:04
청년내일채움공제 시작일 찾아보기,,완료 🙌,,2021년 10월 27일 오전 9:35
주간업무보고 작성,,완료 🙌,,2021년 10월 27일 오전 10:00
부가세 계산 수정,,완료 🙌,,2021년 10월 28일 오후 6:10
현금영수증 페이지 연동,,완료 🙌,,2021년 10월 27일 오전 9:29
현금영수증 픽스,,완료 🙌,,2021년 10월 27일 오전 10:57
링크 호출,,진행 중,,2021년 10월 25일 오전 9:04
현금영수증 코밴 리턴 정보 요청하기,,완료 🙌,,2021년 10월 25일 오후 3:55
회의 안건,,완료 🙌,,2021년 10월 27일 오전 10:05
내일채움청약진행하기,,완료 🙌,,2021년 10월 25일 오후 5:17
현금영수증 API 개발 이후,,완료 🙌,,2021년 10월 25일 오전 9:04
현금영수증 호출 분석,,진행 중,,2021년 10월 25일 오전 9:04
월간 업무보고 작성,,완료 🙌,,2021년 10월 25일 오전 9:04
window update 전달,,완료 🙌,,2021년 10월 26일 오전 9:14
인사기록카드 작성,,완료 🙌,,2021년 10월 26일 오후 12:46
네관증명사진 업로드,,완료 🙌,,2021년 10월 25일 오전 9:04
현금영수증 메소드 이름 변경,,완료 🙌,,2021년 10월 26일 오후 1:02
손톱,,완료 🙌,,2021년 10월 25일 오전 9:04
11.14 네관2급,,해야할 일,,2021년 10월 25일 오전 9:04
세틀뱅크 연동,,그 외,,2021년 10월 25일 오전 9:04
인프런(스프링),,진행 중,,2021년 10월 25일 오후 2:15
현금영수증 API명세서 작성,,진행 중,,2021년 10월 25일 오전 9:04
포스트잇,,완료 🙌,,2021년 10월 25일 오전 9:04
8.30~ 시간제강의,,진행 중,,2021년 10월 25일 오전 9:04
네트워크 공부 (후니의 시스코네트워킹),,자기개발,,2021년 10월 25일 오전 9:04
토비의 스프링,,자기개발,,2021년 10월 25일 오전 9:04
코틀린,,자기개발,,2021년 10월 25일 오전 9:04
포스트잇,,해야할 일,,2021년 10월 25일 오전 9:04
,,,,2021년 10월 25일 오전 9:04
"기술개발문서 프로토콜, 교환데이터 확인하기",,당장 할 일,,2021년 10월 29일 오후 6:09