﻿Name,Expiration Date,상태,속성,작성일시
세틀뱅크 연동,,해야할 일,,2021년 8월 27일 오후 1:12
카드사 직접호출 기술개발문서작성,,완료 🙌,,2021년 8월 27일 오후 4:25
카드사 결제창 직접호출,,완료 🙌,,2021년 8월 26일 오전 10:42
FRONT개발,,진행 중,,2021년 8월 26일 오전 8:33
네트워크 공부 (후니의 시스코네트워킹),,자기개발,,2021년 8월 24일 오전 8:42
토비의 스프링,,자기개발,,2021년 8월 24일 오전 8:42
코드스쿼드(자바 플레이그라운드) 완강,,자기개발,,2021년 8월 24일 오전 8:42
노트북 6대 검색해보기,,완료 🙌,,2021년 8월 26일 오후 4:32
간편결제 호출제어,,완료 🙌,,2021년 8월 24일 오후 5:27
8월업무보고,,완료 🙌,,2021년 8월 24일 오전 8:42
서비스 사전 체크리스트(WBS)작성,,완료 🙌,,2021년 8월 24일 오전 8:42
카드사 선택 호출 병합 테스트,,완료 🙌,,2021년 8월 24일 오전 11:46
기술개발문서 전송,,완료 🙌,,2021년 8월 24일 오전 8:42
카드사 선택 결제 픽스,,완료 🙌,,2021년 8월 24일 오전 8:42
코밴 카드선택 호출 개발 26일까지,,완료 🙌,,2021년 8월 24일 오전 8:42
이것이 우분투 리눅스다,,진행 중,,2021년 8월 24일 오전 8:42
IT인프라구조,,진행 중,,2021년 8월 24일 오전 8:42
서비스 흐름,,,,2021년 7월 1일 오후 10:21
코틀린,,자기개발,,2021년 8월 24일 오전 8:42
파이썬 강의,,자기개발,,2021년 8월 24일 오전 8:42
정규식 공부하기,,자기개발,,2021년 8월 24일 오전 8:42
디버깅모드 공부,,자기개발,,2021년 8월 24일 오전 8:42
"아스키아트 만들기
아스키아트 비디오 만들기",,자기개발,,2021년 8월 24일 오전 8:42
9.1 대표님과 식사,,해야할 일,,2021년 8월 24일 오후 1:13
8.30~ 시간제강의,,해야할 일,,2021년 8월 24일 오전 8:45
학습자등록 10월,,해야할 일,,2021년 8월 24일 오전 8:42
네트워크 관리사 필기 10월19일~22일,,해야할 일,,2021년 8월 24일 오전 8:42