﻿Name,Expiration Date,상태,속성,작성일시
"보안, 암호공부",,자기개발,,2021년 12월 20일 오전 9:13
취소 원복 기능 개발 (연동문제로 보류),,언젠가 할 일,,2021년 12월 20일 오전 9:13
가맹점무이자 할부결제 기능 실거래 테스트(연동이 안되어 보류),,언젠가 할 일,,2021년 12월 20일 오전 9:13
1차PG 입금보고서 필드명 변경 및 매입건수 수정 요청 건 매입건수 오차 해결하기 12/02 나이스페이 비인증 카 유 4건 → 2건,,진행 중,,2021년 12월 31일 오후 2:48
"12/22 ISP, VISA3D, 카드결제 프로세스 조사 및 토론",,진행 중,,2021년 12월 20일 오전 9:13
1차PG 입금보고서 필드명 변경 및 매입건수 수정 요청 건 매입건수 오차 해결하기 12/02 나이스페이 비인증 카 유 4건 → 2건,,진행 중,,2021년 12월 31일 오후 2:46
"FileServer  개발패치문서 내용 수정, API명세서 작성",,완료 🙌,,2021년 12월 24일 오후 4:40
MMS-가맹점정보-문화상품권 수수료관련 확인(#194),,완료 🙌,,2021년 12월 23일 오후 4:39
MMS GID로그인 조회기준 변경 요청 건(#181),,완료 🙌,,2021년 12월 23일 오후 3:45
메일 옮김 메일플러그 → 다우오피스,,완료 🙌,,2021년 12월 23일 오전 10:34
http://192.168.20.106:8883/wizon/IMS/-/commit/e9ba2df55872dc112192bafeff80c84f1e8ff870 입금보류/해제 팝업 가맹점번호 구현,,완료 🙌,,2021년 12월 22일 오후 4:33
신용카드 매입검증 VAN사별 생성내역 나이스페이 반영 요청 건#190,,완료 🙌,,2021년 12월 21일 오후 4:34
가맹점 ID관리 조회기준 추가 요청 건(#191),,완료 🙌,,2021년 12월 20일 오후 6:00
네트워크관리사2급 취득,,완료 🙌,,2021년 12월 21일 오전 9:12
"주문번호취소기능, 기술개발문서, 단위테스트",,완료 🙌,,2021년 12월 20일 오후 1:04
주문번호 중복가능 가맹점의 경우 ordNo취소 요청 못하게 예외처리,,완료 🙌,,2021년 12월 20일 오전 9:13
월간업무보고(화요일까지),,해야할 일,,2021년 12월 21일 오전 9:07
"빌링결제 샘플 가이드 검토, 숙지, 수정사항 확인",,진행 중,,2021년 12월 20일 오전 9:13
렌즈 올리기,,해야할 일,,2021년 12월 20일 오전 9:13
주간업무보고 작성하기,,해야할 일,,2021년 12월 20일 오전 9:13
하고 싶은 일,,진행 중,,2021년 12월 20일 오전 9:13
세틀뱅크 연동,,그 외,,2021년 12월 20일 오전 9:13
인프런(스프링),,진행 중,,2021년 12월 20일 오전 9:13
8.30~ 시간제강의,,완료 🙌,,2021년 12월 20일 오전 9:13
네트워크 공부 (후니의 시스코네트워킹),,자기개발,,2021년 12월 20일 오전 9:13
토비의 스프링,,자기개발,,2021년 12월 20일 오전 9:13
코틀린,,자기개발,,2021년 12월 20일 오전 9:13
,,,,2021년 12월 20일 오전 9:13
,,당장 할 일,,2021년 12월 31일 오후 2:48