﻿Name,Expiration Date,상태,속성,작성일시
IT인프라구조 1회독,,자기개발,,2021년 10월 12일 오전 8:49
"칸아카데미 삼각법, 벡터공간, 미적분학",,자기개발,,2021년 10월 12일 오전 8:49
"보안, 암호공부",,자기개발,,2021년 10월 12일 오전 8:49
휴가 신청,,완료 🙌,,2021년 10월 12일 오전 9:02
"개발계에서 IMS, MMS 접속 시 지연",,완료 🙌,,2021년 10월 13일 오전 9:48
"현금영수증 발행, 취소 API ~10.20일까지",,완료 🙌,,2021년 10월 12일 오전 8:49
현금영수증 단위테스트,,완료 🙌,,2021년 10월 12일 오전 8:49
매주 목 오후 6시까지 주간업무보고(디테일),,완료 🙌,,2021년 10월 12일 오전 8:49
CRCT_APP_TID 문의,,완료 🙌,,2021년 10월 14일 오후 3:04
"개발계 CSS(폰트) 접속지연, 호스트파일 변경 or 서버에 넣기",,완료 🙌,,2021년 10월 13일 오전 10:31
현금영수증 취소,,완료 🙌,,2021년 10월 12일 오전 8:49
현금영수증 단독발급,,완료 🙌,,2021년 10월 12일 오전 8:49
현금영수증 API 개발 이후,,해야할 일,,2021년 10월 12일 오전 8:49
현금영수증 PG발급,,완료 🙌,,2021년 10월 12일 오전 8:49
현금영수증 개발망→kovan 연결 이슈,,완료 🙌,,2021년 10월 12일 오전 8:49
사무실 네트워크 장비 망 태깅 보조,,완료 🙌,,2021년 10월 13일 오후 1:29
채움공제,,완료 🙌,,2021년 10월 13일 오전 9:08
학습자등록 10월,,완료 🙌,,2021년 10월 12일 오전 8:49
현금영수증 API 설계,,완료 🙌,,2021년 10월 12일 오전 8:49
세틀뱅크 연동,,해야할 일,,2021년 10월 12일 오전 8:49
포스트잇,,진행 중,,2021년 10월 15일 오후 4:32
8.30~ 시간제강의,,진행 중,,2021년 10월 12일 오전 8:49
FRONT개발,,완료 🙌,,2021년 10월 12일 오전 8:49
네트워크 공부 (후니의 시스코네트워킹),,자기개발,,2021년 10월 12일 오전 8:49
토비의 스프링,,자기개발,,2021년 10월 12일 오전 8:49
코틀린,,자기개발,,2021년 10월 12일 오전 8:49
네트워크 관리사 필기 10월19일~22일,,해야할 일,,2021년 10월 12일 오전 8:49
포스트잇,,해야할 일,,2021년 10월 13일 오전 8:06