﻿Name,Expiration Date,상태,속성,작성일시
"보안, 암호공부",,자기개발,,2021년 11월 15일 오전 9:38
가상계좌 입금완료내역 조회 엑셀 수정,,완료 🙌,,2021년 11월 19일 오후 3:20
"할부개월, 가상계좌번호 노출제어",,완료 🙌,,2021년 11월 19일 오후 1:19
카드사 선택결제,,완료 🙌,,2021년 11월 18일 오후 4:10
"카드사 선택결제 
파라미터 어떻게 쓸지 분석하기",,완료 🙌,,2021년 11월 17일 오후 5:37
영수증 팝업 크기 늘리기,,완료 🙌,,2021년 11월 17일 오전 11:33
네관2급 실기 신청,,완료 🙌,,2021년 11월 16일 오전 9:59
영수증 호출 페이지 팝업으로띄우기,,완료 🙌,,2021년 11월 16일 오전 10:08
16일 결과확인,,완료 🙌,,2021년 11월 15일 오전 9:59
부분취소 단위테스트 중,,완료 🙌,,2021년 11월 15일 오후 5:38
추가개발)거래 부분취소 후 현금영수증 발급,,완료 🙌,,2021년 11월 15일 오전 9:38
11.14 네관2급,,완료 🙌,,2021년 11월 15일 오전 9:38
"enc 버그 (망별, 테이블별로 데이터 만들어보기) 방화벽 이슈로 보류",,완료 🙌,,2021년 11월 15일 오전 9:38
코밴호출에러,,진행 중,,2021년 11월 16일 오후 5:23
현금영수증 이후 빌링 개발,,진행 중,,2021년 11월 15일 오전 9:38
하고 싶은 일,,진행 중,,2021년 11월 15일 오전 9:38
케이블작업도구 구매하기,,해야할 일,,2021년 11월 16일 오전 10:14
12.12 네관2급 실기시험,,해야할 일,,2021년 11월 16일 오전 10:14
월간업무보고 작성하기,,해야할 일,,2021년 11월 15일 오전 9:38
세틀뱅크 연동,,그 외,,2021년 11월 15일 오전 9:38
인프런(스프링),,진행 중,,2021년 11월 15일 오전 9:38
8.30~ 시간제강의,,진행 중,,2021년 11월 15일 오전 9:38
네트워크 공부 (후니의 시스코네트워킹),,자기개발,,2021년 11월 15일 오전 9:38
토비의 스프링,,자기개발,,2021년 11월 15일 오전 9:38
코틀린,,자기개발,,2021년 11월 15일 오전 9:38
,,,,2021년 11월 15일 오전 9:38
쇼핑,,당장 할 일,,2021년 11월 15일 오전 9:38