﻿Name,Expiration Date,상태,속성,작성일시
네트워크 공부 (후니의 시스코네트워킹),,자기개발,,2021년 8월 17일 오전 11:04
토비의 스프링,,자기개발,,2021년 8월 17일 오전 11:04
코드스쿼드(자바 플레이그라운드) 완강,,자기개발,,2021년 8월 17일 오전 11:04
카드사 선택 결제 픽스,,완료 🙌,,2021년 8월 20일 오후 4:47
코밴 카드선택 호출 개발 26일까지,,완료 🙌,,2021년 8월 19일 오전 8:53
카드사 선택호출-검토,,완료 🙌,,2021년 8월 18일 오전 11:49
프론트 특정 카드사로 결제창 조회하기,,완료 🙌,,2021년 8월 17일 오전 11:04
카드사 선택결제-기술개발문서 작성,,완료 🙌,,2021년 8월 18일 오전 11:49
카드사 선택결제-구현,,완료 🙌,,2021년 8월 17일 오후 3:56
WBS 홈페이지 개발 내용추가,,당장 할 일,,2021년 8월 19일 오후 5:20
기술개발문서 전송,,진행 중,,2021년 8월 23일 오후 5:39
인프런 이것이 우분투 리눅스다 25일까지,,진행 중,,2021년 8월 17일 오전 11:04
카드사 선택결제-분석,,완료 🙌,,2021년 8월 17일 오전 11:04
FRONT개발,,언젠가 할 일,,2021년 8월 19일 오전 9:16
1:1문의 홈페이지 연동(보류),,언젠가 할 일,,2021년 8월 17일 오전 11:04
서비스 사전 체크리스트(WBS)작성,,진행 중,,2021년 8월 17일 오전 11:04
IT인프라구조,,진행 중,,2021년 8월 17일 오전 11:04
코틀린,,자기개발,,2021년 8월 17일 오전 11:04
파이썬 강의,,자기개발,,2021년 8월 17일 오전 11:04
정규식 공부하기,,자기개발,,2021년 8월 17일 오전 11:04
디버깅모드 공부,,자기개발,,2021년 8월 17일 오전 11:04
"아스키아트 만들기
아스키아트 비디오 만들기",,자기개발,,2021년 8월 17일 오전 11:04
김영한 HTTP끝내기,,완료 🙌,,2021년 8월 17일 오전 11:04
학습자등록 10월,,해야할 일,,2021년 8월 18일 오후 12:47
네트워크 관리사 필기 10월19일~22일,,해야할 일,,2021년 8월 18일 오후 12:47
8월업무보고,,해야할 일,,2021년 8월 17일 오전 11:04
교재 정독,,해야할 일,,2021년 8월 17일 오전 11:04
"백신 예약일, 장소 변경",,완료 🙌,,2021년 8월 17일 오전 11:12
,,,,2021년 8월 17일 오전 11:04