﻿Name,Expiration Date,상태,속성,작성일시
"보안, 암호공부",,자기개발,,2021년 11월 1일 오전 9:04
올리브영 들리기,,완료 🙌,,2021년 11월 3일 오전 8:56
카드사 리스트 안뜨는 이유,,완료 🙌,,2021년 11월 5일 오후 1:04
주간업무보고,,당장 할 일,,2021년 11월 3일 오전 8:58
현금영수증 이후 빌링 개발,,해야할 일,,2021년 11월 5일 오전 10:59
레드마인 숙지,,해야할 일,,2021년 11월 5일 오전 10:59
추가개발)거래 부분취소 후 현금영수증 발급 -보류,,해야할 일,,2021년 11월 1일 오후 2:54
현금영수증 링크 호출,,진행 중,,2021년 11월 1일 오전 9:04
현금영수증 호출 분석,,진행 중,,2021년 11월 1일 오전 9:04
11.14 네관2급,,해야할 일,,2021년 11월 1일 오전 9:04
세틀뱅크 연동,,그 외,,2021년 11월 1일 오전 9:04
인프런(스프링),,진행 중,,2021년 11월 1일 오전 9:04
8.30~ 시간제강의,,진행 중,,2021년 11월 1일 오전 9:04
네트워크 공부 (후니의 시스코네트워킹),,자기개발,,2021년 11월 1일 오전 9:04
토비의 스프링,,자기개발,,2021년 11월 1일 오전 9:04
코틀린,,자기개발,,2021년 11월 1일 오전 9:04
포스트잇,,해야할 일,,2021년 11월 1일 오전 9:04
,,,,2021년 11월 1일 오전 9:04
현금영수증 부분취소 - 보류,,완료 🙌,,2021년 11월 2일 오후 2:32
"현금영수증 API 컨펌, 배포",,완료 🙌,,2021년 11월 1일 오후 2:54
"기술개발문서 프로토콜, 교환데이터 확인하기",,완료 🙌,,2021년 11월 1일 오전 9:04
현금영수증 API명세서 작성,,완료 🙌,,2021년 11월 1일 오전 9:04
옷 쇼핑,,당장 할 일,,2021년 11월 3일 오전 8:56