﻿Name,Expiration Date,상태,속성,작성일시
네트워크 공부 (후니의 시스코네트워킹),,자기개발,,2021년 8월 9일 오전 8:03
토비의 스프링,,자기개발,,2021년 8월 9일 오전 8:03
코드스쿼드(자바 플레이그라운드) 완강,,자기개발,,2021년 8월 9일 오전 8:03
INSOMNIA,,완료 🙌,,2021년 8월 9일 오전 8:03
POSTMAN,,완료 🙌,,2021년 8월 9일 오전 8:03
칫솔사기,,완료 🙌,,2021년 8월 9일 오후 12:40
크롬 원격접속 계정+가이드 만들기,,완료 🙌,,2021년 8월 12일 오후 12:17
encData (pay form : payBasicForm),,완료 🙌,,2021년 8월 12일 오전 9:35
원격접속 방법,,완료 🙌,,2021년 8월 12일 오전 11:18
8/11 오전9시 한신메디피아 + 문진표,,완료 🙌,,2021년 8월 9일 오전 8:03
1:1문의 기술개발문서 작성,,완료 🙌,,2021년 8월 10일 오후 3:34
1:1문의 API 연동,,완료 🙌,,2021년 8월 9일 오후 5:11
1:1문의 IMS 마스킹 제거,,완료 🙌,,2021년 8월 9일 오후 5:12
1:1문의 기능 분석,,완료 🙌,,2021년 8월 9일 오전 8:03
1:1문의 기능 구현,,완료 🙌,,2021년 8월 9일 오전 8:03
인프런 이것이 우분투 리눅스다 25일까지,,진행 중,,2021년 8월 10일 오전 9:33
프론트 특정 카드로 결제창 조회하기,,진행 중,,2021년 8월 10일 오후 5:05
카드사 선택결제-분석,,진행 중,,2021년 8월 11일 오후 5:08
1:1문의 홈페이지 연동(보류),,언젠가 할 일,,2021년 8월 10일 오후 3:25
서비스 사전 체크리스트(WBS)작성,,진행 중,,2021년 8월 10일 오전 7:56
IT인프라구조,,진행 중,,2021년 8월 9일 오전 8:03
코틀린,,자기개발,,2021년 8월 9일 오전 8:03
파이썬 강의,,자기개발,,2021년 8월 9일 오전 8:03
정규식 공부하기,,자기개발,,2021년 8월 9일 오전 8:03
디버깅모드 공부,,자기개발,,2021년 8월 9일 오전 8:03
"아스키아트 만들기
아스키아트 비디오 만들기",,자기개발,,2021년 8월 9일 오전 8:03
김영한 HTTP끝내기,,진행 중,,2021년 8월 9일 오전 8:03
8월업무보고,,해야할 일,,2021년 8월 9일 오전 8:03
교재 정독,,해야할 일,,2021년 8월 9일 오전 8:03
결제수단 만들기,,그 외,,2021년 8월 9일 오전 8:03
자석 있는지 묻거나 사기,,당장 할 일,,2021년 8월 9일 오후 3:00
,,,,2021년 8월 9일 오전 8:03