﻿Name,Expiration Date,상태,속성,작성일시
네트워크 공부 (후니의 시스코네트워킹),,자기개발,,2021년 7월 26일 오전 8:08
토비의 스프링,,자기개발,,2021년 7월 26일 오전 8:08
코드스쿼드(자바 플레이그라운드) 완강,,자기개발,,2021년 7월 26일 오전 8:08
rest ful api,,자기개발,,2021년 7월 26일 오전 8:08
코틀린,,자기개발,,2021년 7월 26일 오전 8:08
파이썬 강의,,자기개발,,2021년 7월 26일 오전 8:08
정규식 공부하기,,자기개발,,2021년 7월 26일 오전 8:08
디버깅모드 공부,,자기개발,,2021년 7월 26일 오전 8:08
알고리즘,,자기개발,,2021년 7월 26일 오전 8:08
"아스키아트 만들기
아스키아트 비디오 만들기",,자기개발,,2021년 7월 26일 오전 8:08
홈페이지조회기능개발,,진행 중,,2021년 7월 26일 오후 1:38
김영한 HTTP끝내기,,진행 중,,2021년 7월 26일 오전 8:08
건강검진 신청,,완료 🙌,,2021년 7월 26일 오전 8:09
휴가 신청,,해야할 일,,2021년 7월 26일 오전 8:09
7월업무보고,,완료 🙌,,2021년 7월 26일 오후 4:11
코스터,,완료 🙌,,2021년 7월 26일 오전 8:08
"ims 로그분석 (매입,입금,정산)",,완료 🙌,,2021년 7월 26일 오전 8:08
결제수단 만들기,,그 외,,2021년 7월 26일 오전 8:08
PPT4주차 (http에 대해),,해야할 일,,2021년 7월 26일 오전 8:08
교재 정독,,해야할 일,,2021년 7월 26일 오전 8:08
[비대면]Spring 프레임워크를 활용한 Back-End 프로그래밍 [기업수요맞춤형-무료] 고용보험 X 보류,2021년 7월 8일 → 2021년 7월 9일,그 외,,2021년 7월 26일 오전 8:08
[비대면]Spring Boot 활용 [컨소시엄-무료] 고용보험 X 보류,2021년 7월 15일 → 2021년 7월 16일,그 외,,2021년 7월 26일 오전 8:08
,,,,2021년 7월 26일 오전 8:08