﻿Name,Expiration Date,상태,속성,작성일시
이것이 우분투 리눅스다,,자기개발,,2021년 9월 13일 오후 7:12
IT인프라구조 1회독,,자기개발,,2021년 9월 13일 오후 7:12
"칸아카데미 삼각법, 벡터공간, 미적분학",,자기개발,,2021년 9월 13일 오후 7:12
"보안, 암호공부",,자기개발,,2021년 9월 13일 오후 7:12
9월 일지 작성(27일까지),,진행 중,,2021년 9월 23일 오전 11:12
샘플페이지 심어보기,,진행 중,,2021년 9월 27일 오전 10:15
"내일채움공제신청
1. 졸업증명서
2. 채움공제확인서
3.병적증명서
4.취업성공수당 중복지원불가 확인서",,완료 🙌,,2021년 9월 24일 오후 2:48
샘플페이지 산출문서 작성,,완료 🙌,,2021년 9월 23일 오후 2:13
현금영수증 API 개발 이후,,해야할 일,,2021년 9월 15일 오후 6:00
현금영수증 변경 분석,,해야할 일,,2021년 9월 13일 오후 7:12
현금영수증 취소 분석,,해야할 일,,2021년 9월 13일 오후 7:12
"현금영수증 발행, 취소 API",,진행 중,,2021년 9월 13일 오후 7:12
세틀뱅크 연동,,해야할 일,,2021년 9월 13일 오후 7:12
파이썬 프로젝트,,완료 🙌,,2021년 9월 13일 오후 7:12
8.30~ 시간제강의,,진행 중,,2021년 9월 13일 오후 7:12
FRONT개발,,진행 중,,2021년 9월 13일 오후 7:12
네트워크 공부 (후니의 시스코네트워킹),,자기개발,,2021년 9월 13일 오후 7:12
토비의 스프링,,자기개발,,2021년 9월 13일 오후 7:12
코드스쿼드(자바 플레이그라운드) 완강,,자기개발,,2021년 9월 13일 오후 7:12
코틀린,,자기개발,,2021년 9월 13일 오후 7:12
파이썬 강의,,자기개발,,2021년 9월 13일 오후 7:12
학습자등록 10월,,해야할 일,,2021년 9월 13일 오후 7:12
네트워크 관리사 필기 10월19일~22일,,해야할 일,,2021년 9월 13일 오후 7:12
"라벨프린터기 수령, 테스트 (회사 비품)",,완료 🙌,,2021년 9월 24일 오후 2:04
테스트페이지 통합 마무리,,완료 🙌,,2021년 9월 23일 오전 11:12
결제 테스트 창 모바일 안넘어가는 오류 찾아보기,,완료 🙌,,2021년 9월 23일 오전 11:12