﻿Name,Expiration Date,상태,속성,작성일시,참조링크,참조링크2,참조링크3
토비의 스프링 완독,,자기개발,,2021년 6월 30일 오후 9:30,,,
코드스쿼드(자바 플레이그라운드) 완강,,자기개발,,2021년 6월 30일 오후 9:30,,,
rest ful api,,자기개발,,2021년 6월 30일 오후 9:30,,,
코틀린,,자기개발,,2021년 6월 30일 오후 9:30,,,
파이썬 강의,,자기개발,,2021년 6월 30일 오후 9:30,,,
정규식 공부하기,,자기개발,,2021년 6월 30일 오후 9:30,,,
교재 정독,,자기개발,,2021년 6월 30일 오후 9:30,,,
디버깅모드 공부,,자기개발,,2021년 6월 30일 오후 9:30,,,
알고리즘,,자기개발,,2021년 6월 30일 오후 9:30,https://www.acmicpc.net/,,
"아스키아트 만들기
아스키아트 비디오 만들기",,자기개발,,2021년 6월 30일 오후 9:30,https://m.blog.naver.com/PostView.nhn?blogId=kjh3864&logNo=220967573659&proxyReferer=https:%2F%2Fwww.google.com%2F,,
인프런강의보기,,진행 중,,2021년 6월 30일 오후 9:30,,,
프린터 드라이브 설치,,완료 🙌,,2021년 7월 2일 오전 9:43,,,
"슬리퍼, 개인물품 챙겨오기",,완료 🙌,,2021년 7월 1일 오후 5:55,,,
자바 DOCS 세팅,,완료 🙌,,2021년 7월 1일 오후 5:17,,,
"kost edu 8,9일/ 15,16일 spring 강의 신청",,완료 🙌,,2021년 7월 1일 오후 5:01,,,
메신저 가입,,완료 🙌,,2021년 7월 1일 오후 5:01,,,
문의할 것,,해야할 일,,2021년 7월 2일 오전 8:56,,,
gitlab 익히기,,해야할 일,,2021년 7월 1일 오후 5:34,,,
PJ 비즈니스 프로세스 공부,,진행 중,,2021년 7월 1일 오후 5:17,https://m.blog.naver.com/iampoohoo/222091266424,https://thecheck.co.kr/vancorp/,
git ppt 발표,2021년 7월 7일,해야할 일,,2021년 7월 1일 오전 11:27,,,
[비대면]Spring 프레임워크를 활용한 Back-End 프로그래밍 [기업수요맞춤형-무료] 고용보험 X 보류,2021년 7월 8일 → 2021년 7월 9일,그 외,,2021년 7월 1일 오후 5:15,https://edu.kosta.or.kr/enroll?courseId=726&year=2021&orderNumber=4,,
[비대면]Spring Boot 활용 [컨소시엄-무료] 고용보험 X 보류,2021년 7월 15일 → 2021년 7월 16일,그 외,,2021년 7월 1일 오후 5:16,https://edu.kosta.or.kr/enroll?courseId=676&year=2021&orderNumber=5,,
,,,,2021년 7월 5일 오전 8:57,,,