﻿Name,Expiration Date,상태,속성,작성일시
IT인프라구조 1회독,,자기개발,,2021년 10월 5일 오전 9:01
"칸아카데미 삼각법, 벡터공간, 미적분학",,자기개발,,2021년 10월 5일 오전 9:01
"보안, 암호공부",,자기개발,,2021년 10월 5일 오전 9:01
현금영수증 단위테스트,,당장 할 일,,2021년 10월 6일 오후 6:14
현금영수증 취소,,당장 할 일,,2021년 10월 6일 오후 6:10
현금영수증 단독발급,,당장 할 일,,2021년 10월 6일 오후 6:10
매주 목 오후 6시까지 주간업무보고(디테일),,해야할 일,,2021년 10월 8일 오전 9:45
현금영수증 API 개발 이후,,해야할 일,,2021년 10월 5일 오전 9:01
현금영수증 변경 분석,,완료 🙌,,2021년 10월 5일 오전 9:01
현금영수증 취소 분석,,완료 🙌,,2021년 10월 5일 오전 9:01
주간 업무보고 작성 (~10/08) 매주 목 18시까지 전송,,완료 🙌,,2021년 10월 5일 오전 9:01
면도기,,완료 🙌,,2021년 10월 6일 오전 9:44
현금영수증 개발망→kovan 연결 이슈,,진행 중,,2021년 10월 8일 오후 3:44
현금영수증 PG발급,,진행 중,,2021년 10월 6일 오후 6:09
학습자등록 10월,,진행 중,,2021년 10월 5일 오전 9:01
현금영수증 API 설계,,진행 중,,2021년 10월 5일 오후 3:39
"현금영수증 발행, 취소 API ~10.20일까지",,진행 중,,2021년 10월 5일 오전 9:01
세틀뱅크 연동,,해야할 일,,2021년 10월 5일 오전 9:01
8.30~ 시간제강의,,진행 중,,2021년 10월 5일 오전 9:01
FRONT개발,,진행 중,,2021년 10월 5일 오전 9:01
네트워크 공부 (후니의 시스코네트워킹),,자기개발,,2021년 10월 5일 오전 9:01
토비의 스프링,,자기개발,,2021년 10월 5일 오전 9:01
코틀린,,자기개발,,2021년 10월 5일 오전 9:01
네트워크 관리사 필기 10월19일~22일,,해야할 일,,2021년 10월 5일 오전 9:01
"결제 창, 가맹점 관리 창 CSS, IMG 배포",,완료 🙌,,2021년 10월 7일 오후 1:37