﻿Name,Expiration Date,상태,속성,작성일시
네트워크 공부 (후니의 시스코네트워킹),,자기개발,,2021년 8월 2일 오전 8:03
토비의 스프링,,자기개발,,2021년 8월 2일 오전 8:03
코드스쿼드(자바 플레이그라운드) 완강,,자기개발,,2021년 8월 2일 오전 8:03
홈페이지 조회기능 연동,,완료 🙌,,2021년 8월 5일 오전 8:04
휴가 신청,,완료 🙌,,2021년 8월 2일 오전 8:03
"API DOC 작성(SWAGGER, KAKAO)",,완료 🙌,,2021년 8월 4일 오전 8:46
기술개발문서 작성,,완료 🙌,,2021년 8월 5일 오전 8:53
홈페이지조회기능개발,,완료 🙌,,2021년 8월 2일 오전 8:03
IT인프라구조,,진행 중,,2021년 8월 6일 오후 3:01
1:1문의 기능 구현,,진행 중,,2021년 8월 5일 오전 8:52
1:1문의기능 분석,,진행 중,,2021년 8월 5일 오후 1:40
8/11 오전9시 한신메디피아 + 문진표,,진행 중,,2021년 8월 3일 오전 9:06
rest ful api,,완료 🙌,,2021년 8월 2일 오전 8:03
코틀린,,자기개발,,2021년 8월 2일 오전 8:03
파이썬 강의,,자기개발,,2021년 8월 2일 오전 8:03
정규식 공부하기,,자기개발,,2021년 8월 2일 오전 8:03
디버깅모드 공부,,자기개발,,2021년 8월 2일 오전 8:03
"아스키아트 만들기
아스키아트 비디오 만들기",,자기개발,,2021년 8월 2일 오전 8:03
김영한 HTTP끝내기,,진행 중,,2021년 8월 2일 오전 8:03
8월업무보고,,해야할 일,,2021년 8월 2일 오전 8:03
INSOMNIA,,해야할 일,,2021년 8월 4일 오전 8:46
POSTMAN,,해야할 일,,2021년 8월 4일 오전 8:46
교재 정독,,해야할 일,,2021년 8월 2일 오전 8:03
결제수단 만들기,,그 외,,2021년 8월 2일 오전 8:03
[비대면]Spring 프레임워크를 활용한 Back-End 프로그래밍 [기업수요맞춤형-무료] 고용보험 X 보류,2021년 7월 8일 → 2021년 7월 9일,그 외,,2021년 8월 2일 오전 8:03
[비대면]Spring Boot 활용 [컨소시엄-무료] 고용보험 X 보류,2021년 7월 15일 → 2021년 7월 16일,그 외,,2021년 8월 2일 오전 8:03
,,,,2021년 8월 2일 오전 8:03