﻿Name,Expiration Date,상태,속성,작성일시
"보안, 암호공부",,자기개발,,2021년 9월 2일 오전 9:59
카드사 비교부분 retainAll(교집합) 함수로 수정해보기,,해야할 일,,2021년 9월 7일 오전 8:27
현금영수증 변경 분석,,해야할 일,,2021년 9월 2일 오후 4:59
현금영수증 취소 분석,,해야할 일,,2021년 9월 2일 오후 4:09
php 7 3.실전프로젝트,,진행 중,,2021년 9월 6일 오전 8:37
php 7 2.응용 (SQL연동 및 고급),,진행 중,,2021년 9월 6일 오전 8:36
php 7 1.이론다지기,,진행 중,,2021년 9월 6일 오전 8:33
"현금영수증 발행, 취소 API",,진행 중,,2021년 9월 1일 오후 3:46
세틀뱅크 연동,,해야할 일,,2021년 8월 30일 오전 8:05
9.8내일채움공제신청,,해야할 일,,2021년 8월 31일 오후 4:23
MMS문화상품권 현금영수증 조회 및 발행기능,,완료 🙌,,2021년 9월 3일 오후 3:13
MMS현금영수증 발행 분석,,완료 🙌,,2021년 9월 2일 오전 10:38
파이썬 공부 중,,진행 중,,2021년 9월 1일 오전 8:05
결제완료창 컨트롤,,진행 중,,2021년 8월 30일 오전 8:08
8.30~ 시간제강의,,진행 중,,2021년 8월 30일 오전 8:05
FRONT개발,,진행 중,,2021년 8월 30일 오전 8:05
네트워크 공부 (후니의 시스코네트워킹),,자기개발,,2021년 8월 30일 오전 8:05
토비의 스프링,,자기개발,,2021년 8월 30일 오전 8:05
코드스쿼드(자바 플레이그라운드) 완강,,자기개발,,2021년 8월 30일 오전 8:05
이것이 우분투 리눅스다,,진행 중,,2021년 8월 30일 오전 8:05
IT인프라구조 1회독,,진행 중,,2021년 8월 30일 오전 8:05
코틀린,,자기개발,,2021년 8월 30일 오전 8:05
파이썬 강의,,자기개발,,2021년 8월 30일 오전 8:05
회의용 모니터 설치작업,,완료 🙌,,2021년 9월 2일 오후 2:49
9.1 대표님과 식사,,완료 🙌,,2021년 8월 30일 오전 8:05
학습자등록 10월,,해야할 일,,2021년 8월 30일 오전 8:05
네트워크 관리사 필기 10월19일~22일,,해야할 일,,2021년 8월 30일 오전 8:05
"문화상품권 조회 쿼리 추가하기 (리스트 조회, 카운트 조회)",,당장 할 일,,2021년 9월 3일 오전 11:31