﻿Name,Expiration Date,상태,속성,작성일시
"보안, 암호공부",,자기개발,,2021년 11월 29일 오전 9:16
주간업무보고 작성하기,,해야할 일,,2021년 11월 29일 오전 9:16
#128휴대폰 결제내역 조회 화면 금액 미노출 문의건,,완료 🙌,,2021년 12월 2일 오전 10:20
입사직원 PC 설치 및 세팅,,완료 🙌,,2021년 12월 1일 오전 11:13
무이자 할부 기능 개발(BLD로 넘기기 까지),,완료 🙌,,2021년 11월 29일 오전 9:16
redmine#101 부분취소 거래정보,,완료 🙌,,2021년 11월 29일 오후 2:33
엑셀 에러,,완료 🙌,,2021년 11월 29일 오후 1:07
스크립트 → minglepay,,완료 🙌,,2021년 11월 29일 오후 1:07
렌즈 올리기,,당장 할 일,,2021년 11월 29일 오전 9:16
상점부담 무이자 할부 개발,,진행 중,,2021년 12월 3일 오전 11:23
하고 싶은 일,,진행 중,,2021년 11월 29일 오전 9:16
12.12 네관2급 실기시험,,해야할 일,,2021년 11월 29일 오전 9:16
세틀뱅크 연동,,그 외,,2021년 11월 29일 오전 9:16
인프런(스프링),,진행 중,,2021년 11월 29일 오전 9:16
8.30~ 시간제강의,,진행 중,,2021년 11월 29일 오전 9:16
네트워크 공부 (후니의 시스코네트워킹),,자기개발,,2021년 11월 29일 오전 9:16
토비의 스프링,,자기개발,,2021년 11월 29일 오전 9:16
코틀린,,자기개발,,2021년 11월 29일 오전 9:16
,,,,2021년 11월 29일 오전 9:16