﻿Name,Expiration Date,상태,속성,작성일시,참조링크,참조링크2,참조링크3
토비의 스프링 완독,,자기개발,,2021년 7월 5일 오전 8:57,,,
코드스쿼드(자바 플레이그라운드) 완강,,자기개발,,2021년 7월 5일 오전 8:57,,,
rest ful api,,자기개발,,2021년 7월 5일 오전 8:57,,,
코틀린,,자기개발,,2021년 7월 5일 오전 8:57,,,
파이썬 강의,,자기개발,,2021년 7월 5일 오전 8:57,,,
정규식 공부하기,,자기개발,,2021년 7월 5일 오전 8:57,,,
교재 정독,,자기개발,,2021년 7월 5일 오전 8:57,,,
디버깅모드 공부,,자기개발,,2021년 7월 5일 오전 8:57,,,
알고리즘,,자기개발,,2021년 7월 5일 오전 8:57,https://www.acmicpc.net/,,
"아스키아트 만들기
아스키아트 비디오 만들기",,자기개발,,2021년 7월 5일 오전 8:57,https://m.blog.naver.com/PostView.nhn?blogId=kjh3864&logNo=220967573659&proxyReferer=https:%2F%2Fwww.google.com%2F,,
마지막 차 훈련 수당신청,,완료 🙌,,2021년 7월 8일 오후 5:06,,,
취성패 전화하기,,완료 🙌,,2021년 7월 8일 오전 9:01,,,
문의할 것,,완료 🙌,,2021년 7월 5일 오전 8:57,,,
인프런강의보기,,진행 중,,2021년 7월 5일 오전 8:57,,,
서류제출,,완료 🙌,,2021년 7월 5일 오후 5:57,,,
gitlab 익히기,,완료 🙌,,2021년 7월 5일 오전 8:57,,,
git ppt 발표준비,2021년 7월 7일,완료 🙌,,2021년 7월 5일 오전 8:57,,,
코스터갖고오기,,해야할 일,,2021년 7월 9일 오전 9:50,,,
법정의무교육 7/16까지,,해야할 일,,2021년 7월 8일 오후 5:04,,,
방향제 갖고오기,,해야할 일,,2021년 7월 6일 오전 8:57,,,
신용카드 만들기,,해야할 일,,2021년 7월 5일 오후 1:21,,,
PPT준비 (DB join + git전략) 13일 화요일까지,,해야할 일,,2021년 7월 7일 오후 5:28,,,
PJ 비즈니스 프로세스 공부,,진행 중,,2021년 7월 5일 오전 8:57,https://m.blog.naver.com/iampoohoo/222091266424,https://thecheck.co.kr/vancorp/,
[비대면]Spring 프레임워크를 활용한 Back-End 프로그래밍 [기업수요맞춤형-무료] 고용보험 X 보류,2021년 7월 8일 → 2021년 7월 9일,그 외,,2021년 7월 5일 오전 8:57,https://edu.kosta.or.kr/enroll?courseId=726&year=2021&orderNumber=4,,
[비대면]Spring Boot 활용 [컨소시엄-무료] 고용보험 X 보류,2021년 7월 15일 → 2021년 7월 16일,그 외,,2021년 7월 5일 오전 8:57,https://edu.kosta.or.kr/enroll?courseId=676&year=2021&orderNumber=5,,
,,,,2021년 7월 5일 오전 8:57,,,
,,,,2021년 7월 12일 오후 2:30,,,