﻿Name,Expiration Date,상태,속성,작성일시
정규표현식,,완료 🙌,,2021년 9월 30일 오전 11:21
파이썬 강의,,완료 🙌,,2021년 9월 27일 오전 11:01
이것이 우분투 리눅스다,,완료 🙌,,2021년 9월 27일 오전 11:01
IT인프라구조 1회독,,자기개발,,2021년 9월 27일 오전 11:01
"칸아카데미 삼각법, 벡터공간, 미적분학",,자기개발,,2021년 9월 27일 오전 11:01
"보안, 암호공부",,자기개발,,2021년 9월 27일 오전 11:01
데모페이지 기술개발문서 작성,,완료 🙌,,2021년 9월 28일 오후 3:38
샘플페이지 심어보기,,완료 🙌,,2021년 9월 27일 오전 11:01
9월 일지 작성(27일까지),,완료 🙌,,2021년 9월 27일 오전 11:01
"내일채움공제신청
1. 졸업증명서
2. 채움공제확인서
3.병적증명서
4.취업성공수당 중복지원불가 확인서",,완료 🙌,,2021년 9월 27일 오전 11:01
샘플페이지 산출문서 작성,,완료 🙌,,2021년 9월 27일 오전 11:01
현금영수증 API 개발 이후,,해야할 일,,2021년 9월 27일 오전 11:01
현금영수증 변경 분석,,해야할 일,,2021년 9월 27일 오전 11:01
현금영수증 취소 분석,,해야할 일,,2021년 9월 27일 오전 11:01
주간 업무보고 작성 (~10/08) 매주 목 18시까지 전송,,당장 할 일,,2021년 9월 30일 오후 3:02
"현금영수증 발행, 취소 API",,진행 중,,2021년 9월 27일 오전 11:01
세틀뱅크 연동,,해야할 일,,2021년 9월 27일 오전 11:01
8.30~ 시간제강의,,진행 중,,2021년 9월 27일 오전 11:01
FRONT개발,,진행 중,,2021년 9월 27일 오전 11:01
네트워크 공부 (후니의 시스코네트워킹),,자기개발,,2021년 9월 27일 오전 11:01
토비의 스프링,,자기개발,,2021년 9월 27일 오전 11:01
코틀린,,자기개발,,2021년 9월 27일 오전 11:01
학습자등록 10월,,해야할 일,,2021년 9월 27일 오전 11:01
네트워크 관리사 필기 10월19일~22일,,해야할 일,,2021년 9월 27일 오전 11:01