﻿Name,Expiration Date,상태,속성,작성일시
"보안, 암호공부",,자기개발,,2021년 12월 6일 오전 9:01
주말동안 할 일,,완료 🙌,,2021년 12월 10일 오전 9:46
쇼핑,,완료 🙌,,2021년 12월 7일 오전 9:01
취소 원복 기능 개발 (연동문제로 보류),,언젠가 할 일,,2021년 12월 7일 오후 4:36
12.08 취소건 매입대상-매입 생성 차이 건 둬도 괜찮은건지 확인하기,,완료 🙌,,2021년 12월 9일 오전 11:05
신용카드 나이스페이 결제실패 뜸 코밴결제 신용카드로 부분취소-원복-취소 해보기,,완료 🙌,,2021년 12월 8일 오전 9:27
운영계 원복 버그(DB복원),,완료 🙌,,2021년 12월 8일 오후 5:46
계좌성명조회 오차 발생이유확인,,완료 🙌,,2021년 12월 8일 오후 1:58
개발패치문서 작성,,완료 🙌,,2021년 12월 7일 오전 10:52
가맹점무이자 할부결제 기능 실거래 테스트(연동이 안되어 보류),,언젠가 할 일,,2021년 12월 9일 오후 5:31
렌즈 올리기,,해야할 일,,2021년 12월 6일 오전 9:01
주간업무보고 작성하기,,해야할 일,,2021년 12월 6일 오전 9:01
상점부담 무이자 할부 개발,,완료 🙌,,2021년 12월 6일 오전 9:01
12.12 네관2급 실기시험,,당장 할 일,,2021년 12월 6일 오전 9:01
상점부담 무이자 할부 기술문서 작성,,완료 🙌,,2021년 12월 7일 오후 4:36
하고 싶은 일,,진행 중,,2021년 12월 6일 오전 9:01
세틀뱅크 연동,,그 외,,2021년 12월 6일 오전 9:01
인프런(스프링),,진행 중,,2021년 12월 6일 오전 9:01
8.30~ 시간제강의,,진행 중,,2021년 12월 6일 오전 9:01
네트워크 공부 (후니의 시스코네트워킹),,자기개발,,2021년 12월 6일 오전 9:01
토비의 스프링,,자기개발,,2021년 12월 6일 오전 9:01
코틀린,,자기개발,,2021년 12월 6일 오전 9:01
,,,,2021년 12월 6일 오전 9:01