﻿Name,Expiration Date,상태,속성,작성일시
가방정리,,완료 🙌,,2021년 10월 22일 오후 5:57
KMOOC끝내기,,완료 🙌,,2021년 10월 22일 오후 5:57
"검증 수행(mid,merchantkey,encData)",,완료 🙌,,2021년 10월 22일 오후 3:09
현금영수증 수정2,,완료 🙌,,2021년 10월 22일 오후 2:51
현금영수증 결과 값 출력,,완료 🙌,,2021년 10월 22일 오후 3:08
봉사료 처리로직 수정,,완료 🙌,,2021년 10월 22일 오후 3:08
화요일 반차 올리기,,완료 🙌,,2021년 10월 19일 오후 2:12
PG거래 취소 시 OTID입력 해도취소되게 로직 구현,,완료 🙌,,2021년 10월 20일 오후 4:33
현금영수증 부가세 처리,,완료 🙌,,2021년 10월 20일 오후 4:30
"결제수단 제거 - PG, 단독발행으로 수정",,완료 🙌,,2021년 10월 20일 오후 4:32
"스카우터, 메신저",,완료 🙌,,2021년 10월 20일 오후 4:35
현금영수증 추가개발 정리,,완료 🙌,,2021년 10월 20일 오후 3:22
충전기사가기,,완료 🙌,,2021년 10월 19일 오후 4:55
네트워크 관리사 필기 10월19일~22일,,완료 🙌,,2021년 10월 19일 오전 9:29
IT인프라구조 1회독,,완료 🙌,,2021년 10월 19일 오전 9:29
"칸아카데미 삼각법, 벡터공간, 미적분학",,완료 🙌,,2021년 10월 19일 오전 9:29
"보안, 암호공부",,자기개발,,2021년 10월 19일 오전 9:29
현금영수증 호출 분석,,해야할 일,,2021년 10월 19일 오후 1:20
월간 업무보고 작성,,해야할 일,,2021년 10월 22일 오후 5:09
링크 호출,,해야할 일,,2021년 10월 20일 오후 4:33
손톱,,해야할 일,,2021년 10월 20일 오전 10:17
네관증명사진 업로드,,해야할 일,,2021년 10월 19일 오전 9:29
11.14 네관2급,,해야할 일,,2021년 10월 19일 오전 9:29
현금영수증 API 개발 이후,,해야할 일,,2021년 10월 19일 오전 9:29
세틀뱅크 연동,,그 외,,2021년 10월 19일 오전 9:29
현금영수증 API명세서 작성,,진행 중,,2021년 10월 19일 오후 1:20
포스트잇,,진행 중,,2021년 10월 19일 오전 9:29
8.30~ 시간제강의,,진행 중,,2021년 10월 19일 오전 9:29
네트워크 공부 (후니의 시스코네트워킹),,자기개발,,2021년 10월 19일 오전 9:29
토비의 스프링,,자기개발,,2021년 10월 19일 오전 9:29
코틀린,,자기개발,,2021년 10월 19일 오전 9:29
포스트잇,,해야할 일,,2021년 10월 19일 오전 9:29
,,,,2021년 10월 19일 오후 1:42