﻿Name,Expiration Date,상태,속성,작성일시,참조링크,참조링크2,참조링크3
토비의 스프링 완독,,언젠가 할 일,,2021년 6월 29일 오후 8:08,,,
코드스쿼드(자바 플레이그라운드) 완강,,언젠가 할 일,,2021년 5월 4일 오후 3:29,,,
rest ful api,,언젠가 할 일,,2021년 6월 11일 오후 8:54,,,
코틀린,,언젠가 할 일,,2021년 6월 11일 오후 8:55,,,
파이썬 강의,,언젠가 할 일,,2021년 6월 13일 오후 10:23,,,
"로그인세션, 데이터베이스 연결, ajax 공부하고 포스팅하기",,언젠가 할 일,,2021년 5월 25일 오전 10:04,,,
안경 바꾸기,,완료 🙌,,2021년 6월 16일 오전 9:23,,,
sublime merge,,완료 🙌,,2021년 6월 11일 오후 9:54,,,
https://woowabros.github.io/experience/2017/10/30/baemin-mobile-git-branch-strategy.html,,완료 🙌,,2021년 6월 11일 오후 9:54,,,
https://tkddnr924.gitbook.io/asvv-s-note/git/rebase,,완료 🙌,,2021년 6월 11일 오후 9:54,,,
https://tkddnr924.gitbook.io/sunmoon-mentorship/,,완료 🙌,,2021년 6월 11일 오후 10:14,,,
gitbook,,휴지통,,2021년 6월 11일 오후 10:07,,,
정규식 공부하기,,언젠가 할 일,,2021년 4월 22일 오후 6:46,,,
교재 정독,,언젠가 할 일,,2021년 4월 22일 오후 6:23,,,
디버깅모드 공부,,언젠가 할 일,,2021년 4월 22일 오후 6:06,,,
알고리즘,,언젠가 할 일,,2021년 4월 22일 오후 6:06,https://www.acmicpc.net/,,
"아스키아트 만들기
아스키아트 비디오 만들기",,언젠가 할 일,,2021년 4월 22일 오후 6:05,https://m.blog.naver.com/PostView.nhn?blogId=kjh3864&logNo=220967573659&proxyReferer=https:%2F%2Fwww.google.com%2F,,
인프런강의보기,,진행 중,,2021년 5월 1일 오후 4:39,,,
계획 열람방식 body로 변경,,완료 🙌,,2021년 5월 21일 오전 10:13,,,
커밋하기,,완료 🙌,,2021년 4월 22일 오후 5:56,https://github.com/Jonghyun99,,
여행일수 value처리,,완료 🙌,,2021년 5월 21일 오후 1:50,,,
planNo 컬럼 autoincrement로 변경,,완료 🙌,,2021년 5월 21일 오전 10:13,,,
사진촬영,,완료 🙌,,2021년 5월 21일 오후 3:34,,,
페이징처리,,완료 🙌,,2021년 5월 21일 오후 5:12,,,
button type=button button빼도 되는지 확인,,완료 🙌,,2021년 5월 21일 오후 5:40,,,
업데이트,,완료 🙌,,2021년 5월 21일 오후 5:12,,,
삭제,,완료 🙌,,2021년 5월 21일 오후 5:12,,,
라이브코딩으로 게시판만들기,,완료 🙌,,2021년 5월 1일 오후 4:18,,,
부트스트랩 익히기,,완료 🙌,,2021년 4월 29일 오전 9:38,,,
퍼스트북 정독,,완료 🙌,,2021년 4월 22일 오후 6:23,,,
ctm,,매일 할 일,정보,2021년 4월 22일 오후 3:45,,,
포스팅,,매일 할 일,,2021년 4월 23일 오전 1:31,,,
커밋,,매일 할 일,,2021년 6월 18일 오후 3:50,,,